Identifier,Name,Type,WTO ID,Date signed,Date into force,Composition,Region,All WTO,Cross Regional,Language,Party 1,Party 2,Total articles,Total words,Number of unique words,Niceness,iso3num_o,iso3num_d,contig,dist,comlang_off,comlang_ethno,comcol,comrelig,comleg_pretrans,comleg_posttrans,col_dep_ever,sibling_ever,gdpcap_o,gdp_ppp_d,gdpcap_ppp_o,entry_cost_o,entry_cost_d,entry_tp_o,entry_tp_d,tradeflow_imf_o,tradeflow_imf_d,tradeflow_imf_o_next,tradeflow_imf_d_next,Class 0,Class 1,Class 2
1,Japan - Thailand,Free Trade Agreement & Economic Integration Agreement,1.0,2007.0,2007-11-01,Bilateral,East Asia,Yes,No,en,JPN,THA,175.0,187922.0,3635.0,0.0,392.0,764.0,0.0,4612.997,0.0,0.0,0.0,0.0,0.0,0.0,0.0,0.0,34.095,786274106.4530001,34.529,7.5,16.2,31.0,43.0,25609960.0,28654758.0,29494926.0,33535246.0,0.72,0.0971428571428571,0.1828571428571428
2,Egypt - Turkey,Free Trade Agreement,2.0,2005.0,2007-03-01,Bilateral,Africa; Europe,Yes,Yes,en,EGY,TUR,40.0,25708.0,1057.0,0.0,818.0,792.0,0.0,1239.919,0.0,0.0,0.0,0.8109999999999999,1.0,1.0,0.0,0.0,1.249,807227201.653,7.124,104.9,27.4,32.5,14.0,332142.594,266817.844,358340.031,392501.312,0.725,0.0,0.275
3,Chile - Japan,Free Trade Agreement & Economic Integration Agreement,3.0,2007.0,2007-09-03,Bilateral,South America; East Asia,Yes,Yes,en,CHL,JPN,201.0,202122.0,4989.0,0.0,152.0,392.0,0.0,17247.377,0.0,0.0,0.0,0.005,0.0,0.0,0.0,0.0,10.379,4419763599.828,16.863,8.6,7.5,49.0,31.0,7515283.0,7854704.5,6339412.5,7914627.5,0.6318407960199005,0.1741293532338308,0.1940298507462686
7,Chile - China,Free Trade Agreement & Economic Integration Agreement,8.0,2005.0,2006-10-01,Bilateral,South America; East Asia,Yes,Yes,en,CHL,CHN,123.0,116215.0,3229.0,0.0,152.0,156.0,0.0,19079.875,0.0,0.0,0.0,0.0,0.0,0.0,0.0,0.0,7.615,6639272569.969,12.775,10.3,13.6,51.0,61.0,4895430.0,4942665.0,5254939.5,5688896.0,0.7235772357723578,0.0,0.2764227642276423
9,India - Singapore,Free Trade Agreement & Economic Integration Agreement,10.0,2005.0,2005-08-01,Bilateral,West Asia; East Asia,Yes,Yes,en,IND,SGP,167.0,201550.0,4348.0,0.0,356.0,702.0,0.0,4154.034000000001,1.0,1.0,1.0,0.021,1.0,1.0,0.0,1.0,0.74,235354561.151,2.83,62.0,0.9,106.0,12.0,5069119.0,4079201.25,5908020.0,4883704.0,0.6826347305389222,0.1437125748502994,0.1736526946107784
10,Panama - Singapore,Free Trade Agreement & Economic Integration Agreement,11.0,2006.0,2006-07-24,Bilateral,Central America; East Asia,Yes,Yes,en,PAN,SGP,199.0,238554.0,4849.0,0.0,591.0,702.0,0.0,18835.832,0.0,0.0,0.0,0.049,0.0,0.0,0.0,0.0,4.998,264078812.405,11.629,13.9,0.8,24.0,12.0,80.7,2400.093,80.064,5013.038,0.5326633165829145,0.2864321608040201,0.1809045226130653
12,Turkey - Syria,Free Trade Agreement,13.0,2004.0,2007-01-01,Bilateral,Middle East; Europe,No,Yes,en,SYR,TUR,51.0,39683.0,1510.0,1.0,760.0,792.0,1.0,1061.54,0.0,0.0,0.0,0.889,1.0,1.0,1.0,0.0,1.419,728256984.735,,34.2,26.0,55.5,14.0,3037564.75,357656.438,290006.344,272179.75,0.7843137254901961,0.0,0.2156862745098039
17,US - Bahrain,Free Trade Agreement & Economic Integration Agreement,19.0,2005.0,2006-08-01,Bilateral,Middle East; North America,Yes,Yes,en,BHR,USA,195.0,313241.0,6008.0,0.0,48.0,840.0,0.0,10643.577,0.0,0.0,0.0,0.0139999999999999,1.0,1.0,0.0,1.0,18.156,13093726000.0,38.931,,0.8,,12.0,262273.625,454800.0,218575.531,653800.0,0.5538461538461539,0.2666666666666666,0.1794871794871795
20,Japan - Malaysia,Free Trade Agreement & Economic Integration Agreement,22.0,2005.0,2006-07-13,Bilateral,East Asia,Yes,No,en,JPN,MYS,161.0,183330.0,4422.0,0.0,392.0,458.0,0.0,5329.095,0.0,0.0,0.0,0.0,0.0,0.0,0.0,0.0,35.781,424426739.263,31.663,10.7,26.6,42.0,47.5,12624410.0,16634214.0,13211408.0,17337930.0,0.6832298136645962,0.1118012422360248,0.2049689440993788
21,Jordan - Singapore,Free Trade Agreement & Economic Integration Agreement,23.0,2004.0,2005-08-22,Bilateral,Middle East; East Asia,Yes,Yes,en,JOR,SGP,73.0,74714.0,2511.0,0.0,400.0,702.0,0.0,7867.104,0.0,1.0,1.0,0.163,0.0,0.0,0.0,1.0,2.156,212130952.952,7.245,102.1,1.0,36.5,15.0,2068.689,15665.514,1907.335,2722.23,0.589041095890411,0.1095890410958904,0.3013698630136986
24,"Korea, Republic of - Singapore",Free Trade Agreement & Economic Integration Agreement,28.0,2005.0,2006-03-02,Bilateral,East Asia,Yes,No,en,KOR,SGP,215.0,258014.0,5322.0,0.0,410.0,702.0,0.0,4676.683,0.0,1.0,0.0,0.005,0.0,0.0,0.0,0.0,18.657,235354561.151,24.196,15.7,0.9,27.0,12.0,7406634.0,8598548.0,9489300.0,10477467.0,0.6232558139534884,0.1953488372093023,0.1813953488372093
25,Turkey - Morocco,Free Trade Agreement,29.0,2004.0,2006-01-01,Bilateral,Africa; Europe,Yes,Yes,en,MAR,TUR,39.0,28500.0,1146.0,0.0,504.0,792.0,0.0,3230.062,0.0,0.0,0.0,0.986,1.0,1.0,0.0,0.0,1.907,728256984.735,4.531000000000001,13.7,26.0,18.0,14.0,64285.059,105778.109,89322.242,143230.5,0.7948717948717948,0.0,0.2051282051282051
26,US - Morocco,Free Trade Agreement & Economic Integration Agreement,30.0,2004.0,2006-01-01,Bilateral,Africa; North America,Yes,Yes,en,MAR,USA,229.0,382355.0,7140.0,0.0,504.0,840.0,0.0,5840.309,0.0,0.0,0.0,0.009,0.0,0.0,0.0,1.0,1.907,12274928000.0,4.531000000000001,13.7,0.7,18.0,12.0,385573.594,553000.0,279720.469,474400.0,0.5633187772925764,0.2663755458515284,0.1703056768558952
27,Thailand - New Zealand,Free Trade Agreement & Economic Integration Agreement,31.0,2005.0,2005-07-01,Bilateral,Oceania; East Asia,Yes,Yes,en,NZL,THA,152.0,146682.0,3539.0,0.0,554.0,764.0,0.0,9872.658,0.0,0.0,0.0,0.002,1.0,1.0,0.0,0.0,27.526,671403300.382,25.677,0.2,17.3,14.0,43.0,238355.25,252824.766,284055.969,325980.438,0.7302631578947368,0.0986842105263158,0.1710526315789473
30,,,,,,,,,,,,,,,,,,,,,,,,,,,,,,,,,,,,,,,,0.7777777777777778,0.0,0.2222222222222222
31,Turkey - Tunisia,Free Trade Agreement,35.0,2004.0,2005-07-01,Bilateral,Africa; Europe,Yes,Yes,en,TUN,TUR,54.0,34565.0,1336.0,0.0,788.0,792.0,0.0,1684.108,0.0,0.0,0.0,0.986,1.0,1.0,0.0,0.0,3.14,728256984.735,7.4,11.1,26.0,20.0,14.0,86210.727,100142.125,106642.992,117372.414,0.7962962962962963,0.0,0.2037037037037037
34,Japan - Mexico,Free Trade Agreement & Economic Integration Agreement,38.0,2004.0,2005-04-01,Bilateral,East Asia; North America,Yes,Yes,en,JPN,MEX,179.0,210287.0,5790.0,0.0,392.0,484.0,0.0,11312.393999999998,0.0,0.0,0.0,0.006,0.0,0.0,0.0,0.0,36.442,1212330478.19,30.383000000000003,10.6,28.5,42.0,40.5,5190436.5,11218401.0,6881408.5,13862447.0,0.7262569832402235,0.106145251396648,0.1675977653631284
36,Thailand - Australia,Free Trade Agreement & Economic Integration Agreement,40.0,2004.0,2005-01-01,Bilateral,Oceania; East Asia,Yes,Yes,en,AUS,THA,164.0,166403.0,3804.0,0.0,36.0,764.0,0.0,7539.52,0.0,0.0,0.0,0.002,1.0,1.0,0.0,0.0,30.45,624327609.195,31.345,2.1,18.4,6.0,43.0,2233662.5,2209618.25,3144187.75,3254857.0,0.6585365853658537,0.1585365853658536,0.1829268292682926
37,US - Australia,Free Trade Agreement & Economic Integration Agreement,41.0,2004.0,2005-01-01,Bilateral,Oceania; North America,Yes,Yes,en,AUS,USA,248.0,395335.0,6989.0,0.0,36.0,840.0,0.0,16008.793,1.0,1.0,0.0,0.191,1.0,1.0,0.0,1.0,30.45,12274928000.0,31.345,2.1,0.7,6.0,12.0,6994965.5,7915500.0,7052630.5,7677300.0,0.5241935483870968,0.2983870967741936,0.1774193548387097
42,Armenia - Turkmenistan,Free Trade Agreement,47.0,1995.0,1996-07-07,Bilateral,Commonwealth of Independent States (CIS),No,No,en,ARM,TKM,19.0,11144.0,626.0,0.0,51.0,795.0,0.0,1223.83,0.0,0.0,1.0,0.0,1.0,1.0,0.0,1.0,0.456,14115437.09,1.585,,,,,68687.508,62478.0,17509.699,23112.0,0.8421052631578947,0.0,0.1578947368421052
43,,,,,,,,,,,,,,,,,,,,,,,,,,,,,,,,,,,,,,,,0.7826086956521741,0.0,0.217391304347826
44,Armenia - Moldova,Free Trade Agreement,49.0,1993.0,1995-12-21,Bilateral,Commonwealth of Independent States (CIS),Yes,No,en,ARM,MDA,21.0,11986.0,646.0,0.0,51.0,498.0,0.0,1469.285,0.0,0.0,1.0,0.0,1.0,1.0,0.0,1.0,0.357,,1.29,,,,,103.3,300.0,12.4,100.0,0.8571428571428571,0.0,0.1428571428571428
45,Armenia - Kazakhstan,Free Trade Agreement,50.0,1999.0,2001-12-25,Bilateral,Commonwealth of Independent States (CIS),Yes,No,en,ARM,KAZ,20.0,12755.0,705.0,0.0,51.0,398.0,0.0,2700.251,0.0,0.0,1.0,0.0,1.0,1.0,0.0,1.0,0.597,104543183.933,2.127,,,,,518.9,300.0,1268.8,1185.2,0.8,0.0,0.2
46,Armenia - Ukraine,Free Trade Agreement,51.0,1994.0,1996-12-18,Bilateral,Commonwealth of Independent States (CIS),Yes,No,en,ARM,UKR,15.0,8903.0,547.0,0.0,51.0,804.0,0.0,1575.5870000000002,0.0,0.0,1.0,0.0,1.0,1.0,0.0,1.0,0.4,212018846.824,1.423,,,,,3723.1,1255.9,4490.6,4939.66,0.8,0.0,0.2
47,"Korea, Republic of - Chile",Free Trade Agreement & Economic Integration Agreement,53.0,2003.0,2004-04-01,Bilateral,South America; East Asia,Yes,Yes,en,CHL,KOR,217.0,239566.0,4900.0,1.0,152.0,410.0,0.0,18375.182,0.0,0.0,0.0,0.034,0.0,0.0,0.0,0.0,4.8660000000000005,1023674453.257,10.771,12.1,18.4,51.0,27.0,1079792.75,1057629.0,1868555.625,1933548.0,0.6589861751152074,0.1705069124423963,0.1705069124423963
50,"China - Macao, China",Free Trade Agreement & Economic Integration Agreement,56.0,2003.0,2003-10-17,Bilateral,East Asia,Yes,No,en,CHN,MAC,25.0,11017.0,632.0,0.0,156.0,446.0,1.0,1982.745,1.0,1.0,0.0,0.0,0.0,0.0,0.0,0.0,1.274,18988793.33,3.961,17.8,,61.0,,1281701.0,1180522.625,1613231.875,1544671.0,0.84,0.08,0.08
51,"China - Hong Kong, China",Free Trade Agreement & Economic Integration Agreement,57.0,2003.0,2003-06-29,Bilateral,East Asia,Yes,No,en,CHN,HKG,23.0,18815.0,891.0,0.0,156.0,344.0,1.0,1976.249,1.0,1.0,0.0,0.0,0.0,0.0,,,1.274,200529717.208,3.961,17.8,2.4,61.0,16.0,76323592.0,101260280.0,101126464.0,118050552.0,0.8260869565217391,0.0869565217391304,0.0869565217391304
52,US - Singapore,Free Trade Agreement & Economic Integration Agreement,58.0,2003.0,2004-01-01,Bilateral,East Asia; North America,Yes,Yes,en,SGP,USA,222.0,376627.0,6918.0,0.0,702.0,840.0,0.0,15350.503,1.0,1.0,0.0,0.027,1.0,1.0,0.0,1.0,23.574,11510670000.0,45.8,1.0,0.7,15.0,12.0,20570000.0,15489599.0,23282212.0,15594600.0,0.5900900900900901,0.2342342342342342,0.1756756756756756
53,US - Chile,Free Trade Agreement & Economic Integration Agreement,59.0,2003.0,2004-01-01,Bilateral,South America; North America,Yes,Yes,en,CHL,USA,162.0,242818.0,4903.0,0.0,152.0,840.0,0.0,8271.045,0.0,1.0,0.0,0.255,0.0,0.0,0.0,1.0,4.8660000000000005,11510670000.0,10.771,12.1,0.7,51.0,12.0,3798900.25,4323100.0,5019530.0,5421500.0,0.4444444444444444,0.3024691358024691,0.2530864197530864
54,Singapore - Australia,Free Trade Agreement & Economic Integration Agreement,60.0,2003.0,2003-07-28,Bilateral,Oceania; East Asia,Yes,Yes,en,AUS,SGP,198.0,197947.0,4243.0,0.0,36.0,702.0,0.0,6301.786,1.0,1.0,0.0,0.02,1.0,1.0,0.0,1.0,23.445,188457869.778,29.724,2.0,1.0,6.0,15.0,2232951.5,2184736.75,2368651.0,2299530.25,0.6464646464646465,0.2121212121212121,0.1414141414141414
55,Turkey - Bosnia and Herzegovina,Free Trade Agreement,61.0,2002.0,2003-07-01,Bilateral,Europe,No,No,en,BIH,TUR,37.0,30203.0,1120.0,0.0,70.0,792.0,0.0,918.63,0.0,0.0,0.0,0.397,0.0,0.0,1.0,0.0,1.707,607794104.365,5.114,,,,,13813.907,6317.459,5809.946,8342.735999999999,0.7567567567567568,0.0,0.2432432432432433
56,Turkey - Croatia,Free Trade Agreement,62.0,2002.0,2003-07-01,Bilateral,Europe,Yes,No,en,HRV,TUR,39.0,24424.0,989.0,0.0,191.0,792.0,0.0,1174.147,0.0,0.0,0.0,0.013,0.0,0.0,0.0,0.0,6.053999999999999,607794104.365,12.284,,,,,9590.139,9387.634,21326.881,16697.033,0.6923076923076923,0.0,0.3076923076923077
59,Canada - Costa Rica,Free Trade Agreement,66.0,2001.0,2002-11-01,Bilateral,North America; Central America,Yes,Yes,en,CAN,CRI,116.0,182449.0,4216.0,0.0,124.0,188.0,0.0,3774.394,0.0,0.0,0.0,0.439,0.0,0.0,0.0,0.0,23.574,32533176.739,30.074,,,,,39440.406,69001.102,48039.398,68405.0,0.6637931034482759,0.0086206896551724,0.3275862068965517
62,Japan - Singapore,Free Trade Agreement & Economic Integration Agreement,70.0,2002.0,2002-11-30,Bilateral,East Asia,Yes,No,en,JPN,SGP,155.0,156454.0,4717.0,0.0,392.0,702.0,0.0,5326.388000000001,0.0,0.0,0.0,0.001,0.0,0.0,0.0,0.0,31.236,176926130.08400002,28.16,,,,,14183390.0,14575910.0,14858307.0,15396223.0,0.7870967741935484,0.0838709677419354,0.1290322580645161
63,US - Jordan,Free Trade Agreement & Economic Integration Agreement,71.0,2000.0,2001-12-17,Bilateral,Middle East; North America,Yes,Yes,en,JOR,USA,21.0,53975.0,1965.0,0.0,400.0,840.0,0.0,9209.496,0.0,1.0,0.0,0.0139999999999999,0.0,0.0,0.0,1.0,1.763,10284779000.0,5.735,,,,,63254.867,74500.0,234773.203,241900.0,0.8571428571428571,0.0476190476190476,0.0952380952380952
64,India - Sri Lanka,Free Trade Agreement,72.0,1998.0,2001-12-15,Bilateral,West Asia,Yes,No,en,IND,LKA,19.0,12795.0,698.0,0.0,356.0,144.0,0.0,2431.215,0.0,0.0,1.0,0.009,1.0,1.0,0.0,1.0,0.425,71863678.738,1.746,,,,,450125.0,539333.625,483750.031,511603.031,0.8947368421052632,0.0,0.1052631578947368
69,New Zealand - Singapore,Free Trade Agreement & Economic Integration Agreement,78.0,2000.0,2001-01-01,Bilateral,Oceania; East Asia,Yes,Yes,en,NZL,SGP,86.0,105174.0,2999.0,0.0,554.0,702.0,0.0,8614.42,1.0,1.0,0.0,0.019,1.0,1.0,0.0,1.0,13.483,165055027.232,21.51,,,,,219931.75,192054.75,168215.125,180478.422,0.6976744186046512,0.1860465116279069,0.1162790697674418
72,Israel - Mexico,Free Trade Agreement,81.0,2000.0,2000-07-01,Bilateral,Middle East; North America,Yes,Yes,en,ISR,MEX,112.0,176192.0,3981.0,0.0,376.0,484.0,0.0,12487.836,0.0,0.0,0.0,0.009,0.0,0.0,0.0,0.0,20.902,1060833726.505,24.942,,,,,212700.0,314325.0,155600.0,273159.875,0.5803571428571429,0.1339285714285714,0.2857142857142857
73,Georgia - Armenia,Free Trade Agreement,82.0,1995.0,1998-11-11,Bilateral,Commonwealth of Independent States (CIS),Yes,No,en,ARM,GEO,23.0,10787.0,579.0,0.0,51.0,268.0,1.0,172.722,0.0,0.0,0.0,0.0,1.0,0.0,0.0,1.0,0.456,7920562.507,1.585,,,,,2732.6,11434.0,6880.1,17213.0,0.8695652173913043,0.0,0.1304347826086956
74,Georgia - Azerbaijan,Free Trade Agreement,83.0,1996.0,1996-07-10,Bilateral,Commonwealth of Independent States (CIS),No,No,en,AZE,GEO,20.0,11228.0,623.0,0.0,31.0,268.0,1.0,450.997,0.0,0.0,0.0,0.103,1.0,0.0,0.0,1.0,0.409,8968454.365,2.472,,,,,91557.602,78707.0,133486.703,115510.0,0.9,0.0,0.1
75,Georgia - Kazakhstan,Free Trade Agreement,84.0,1997.0,1999-07-16,Bilateral,Commonwealth of Independent States (CIS),Yes,No,en,GEO,KAZ,18.0,13296.0,669.0,0.0,268.0,398.0,0.0,2626.773,0.0,0.0,0.0,0.052,1.0,0.0,0.0,1.0,0.775,101105013.739,2.225,,,,,3675.0,5400.0,3363.636,3700.0,0.8333333333333334,0.0,0.1666666666666666
76,Georgia - Russian Federation,Free Trade Agreement,85.0,1994.0,1994-05-10,Bilateral,Commonwealth of Independent States (CIS),Yes,No,en,GEO,RUS,24.0,12210.0,639.0,0.0,268.0,643.0,1.0,1644.856,0.0,0.0,0.0,0.013,1.0,0.0,0.0,0.0,0.517,850879050.2310001,1.555,,,,,52257.0,52200.0,46815.0,57900.0,0.8333333333333334,0.0,0.1666666666666666
77,Georgia - Turkmenistan,Free Trade Agreement,86.0,1996.0,2000-01-01,Bilateral,Commonwealth of Independent States (CIS),No,No,en,GEO,TKM,17.0,11246.0,616.0,0.0,268.0,795.0,0.0,1231.318,0.0,0.0,0.0,0.096,1.0,0.0,0.0,1.0,0.67,15336119.979,1.943,,,,,13432.0,13942.0,5734.0,9026.1,0.8235294117647058,0.0,0.1764705882352941
78,Georgia - Ukraine,Free Trade Agreement,87.0,1995.0,1996-06-04,Bilateral,Commonwealth of Independent States (CIS),Yes,No,en,GEO,UKR,15.0,10062.0,541.0,0.0,268.0,804.0,0.0,1465.1329999999998,0.0,0.0,0.0,0.0,1.0,0.0,0.0,1.0,0.569,190035087.671,1.673,,,,,5576.0,6133.6,5427.0,3800.0,0.7333333333333333,0.0,0.2666666666666666
80,Turkey - Former Yugoslav Republic of Macedonia,Free Trade Agreement,89.0,1999.0,2000-09-01,Bilateral,Europe,Yes,No,en,MKD,TUR,37.0,24904.0,1063.0,0.0,807.0,792.0,0.0,632.632,0.0,0.0,0.0,0.299,0.0,1.0,1.0,0.0,1.806,545462779.63,5.422999999999999,,,,,8377.598,7877.8,8823.392,10469.99,0.7027027027027027,0.0,0.2972972972972973
81,,,,,,,,,,,,,,,,,,,,,,,,,,,,,,,,,,,,,,,,0.8095238095238095,0.0,0.1904761904761904
91,Kyrgyz Republic - Kazakhstan,Free Trade Agreement,100.0,1995.0,1995-11-11,Bilateral,Commonwealth of Independent States (CIS),Yes,No,en,KAZ,KGZ,19.0,11085.0,638.0,0.0,398.0,417.0,1.0,194.978,1.0,1.0,1.0,0.3289999999999999,1.0,1.0,0.0,1.0,1.288,5640393.525,6.039,,,,,74900.0,66814.0,111600.0,139500.0,0.6842105263157895,0.0,0.3157894736842105
93,Kyrgyz Republic - Moldova,Free Trade Agreement,102.0,1995.0,1996-11-21,Bilateral,Commonwealth of Independent States (CIS),Yes,No,en,KGZ,MDA,20.0,12590.0,648.0,0.0,417.0,498.0,0.0,3581.898,0.0,0.0,1.0,0.0,1.0,1.0,0.0,1.0,0.364,6981299.77,1.237,,,,,234.0,700.0,759.0,765.6,0.7,0.0,0.3
94,Kyrgyz Republic - Russian Federation,Free Trade Agreement,103.0,1992.0,1993-04-24,Bilateral,Commonwealth of Independent States (CIS),Yes,No,en,KGZ,RUS,24.0,14179.0,688.0,0.0,417.0,643.0,0.0,2985.871,1.0,1.0,0.0,0.079,1.0,1.0,0.0,0.0,0.513,1019127116.401,1.832,,,,,94000.0,,113600.0,,0.7916666666666666,0.0,0.2083333333333333
95,Kyrgyz Republic - Ukraine,Free Trade Agreement,104.0,1995.0,1998-01-19,Bilateral,Commonwealth of Independent States (CIS),Yes,No,en,KGZ,UKR,16.0,10234.0,585.0,0.0,417.0,804.0,0.0,3417.1020000000003,0.0,0.0,1.0,0.0,1.0,1.0,0.0,1.0,0.364,190035087.671,1.237,,,,,4940.0,5434.0,9381.0,9600.0,0.6875,0.0,0.3125
96,Kyrgyz Republic - Uzbekistan,Free Trade Agreement,105.0,1996.0,1998-03-20,Bilateral,Commonwealth of Independent States (CIS),No,No,en,KGZ,UZB,21.0,13352.0,669.0,1.0,417.0,860.0,1.0,480.287,0.0,0.0,1.0,0.616,1.0,1.0,0.0,1.0,0.395,38571051.237,1.329,,,,,115200.0,126720.0,101519.0,111670.898,0.7619047619047619,0.0,0.2380952380952381
99,Turkey - Israel,Free Trade Agreement,108.0,1996.0,1997-05-01,Bilateral,Middle East; Europe,Yes,Yes,en,ISR,TUR,38.0,27566.0,688.0,0.0,376.0,792.0,0.0,1123.008,0.0,0.0,0.0,0.079,0.0,0.0,0.0,0.0,19.178,476473573.525,20.73,,,,,196300.0,191814.688,256800.0,233540.0,0.7368421052631579,0.0,0.2631578947368421
101,Canada - Chile,Free Trade Agreement & Economic Integration Agreement,110.0,1996.0,1997-07-05,Bilateral,North America; South America,Yes,Yes,en,CAN,CHL,179.0,251746.0,5408.0,0.0,124.0,152.0,0.0,8632.244,0.0,0.0,0.0,0.3879999999999999,0.0,0.0,0.0,0.0,21.129,118519347.104,23.905,,,,,231844.641,408100.0,255372.922,432520.0,0.5977653631284916,0.1787709497206704,0.223463687150838
104,Canada - Israel,Free Trade Agreement,113.0,1996.0,1997-01-01,Bilateral,North America; Middle East,Yes,Yes,en,CAN,ISR,74.0,88032.0,2376.0,0.0,124.0,376.0,0.0,9276.556,1.0,1.0,0.0,0.006,1.0,1.0,0.0,1.0,21.129,117993975.123,23.905,,,,,155783.438,189000.0,171389.34399999998,294300.0,0.5540540540540541,0.0405405405405405,0.4054054054054054
106,Faroe Islands - Norway,Free Trade Agreement,115.0,1992.0,1993-07-01,Bilateral,Europe,No,No,en,FRO,NOR,30.0,19748.0,913.0,1.0,234.0,578.0,0.0,971.324,0.0,0.0,0.0,0.976,0.0,0.0,0.0,0.0,,88212166.67899999,,,,,,18386.0,13532.865,6248.0,5634.34,0.8,0.0,0.2
107,Faroe Islands - Switzerland,Free Trade Agreement,116.0,1994.0,1995-03-01,Bilateral,Europe,No,No,en,CHE,FRO,13.0,6701.0,427.0,1.0,756.0,234.0,0.0,1902.256,0.0,0.0,0.0,0.432,0.0,0.0,0.0,0.0,41.739,,29.254,,,,,71.92699999999999,1526.0,97.634,107.397,0.7692307692307693,0.0,0.2307692307692308
108,Faeroe Islands - Iceland,Free Trade Agreement,117.0,1992.0,1993-07-01,Bilateral,Europe,No,No,en,FRO,ISL,30.0,20227.0,933.0,1.0,234.0,352.0,0.0,799.567,0.0,0.0,0.0,0.964,0.0,0.0,0.0,1.0,,5745666.925,,,,,,17437.0,18175.324,786.0,1434.844,0.8,0.0,0.2
120,Lao People's Democratic Republic - Thailand,Partial Scope Agreement,131.0,1991.0,1991-06-20,Bilateral,East Asia,Yes,No,en,LAO,THA,11.0,6306.0,420.0,1.0,418.0,764.0,1.0,525.249,0.0,1.0,0.0,0.0,0.0,0.0,0.0,0.0,0.235,272818848.262,1.092,,,,,42716.746,46988.426,37324.559,41057.016,1.0,0.0,0.0
121,US - Israel,Free Trade Agreement,133.0,1985.0,1985-08-19,Bilateral,Middle East; North America,Yes,Yes,en,ISR,USA,24.0,24011.0,1158.0,1.0,376.0,840.0,0.0,9119.813,1.0,1.0,0.0,0.005,1.0,1.0,0.0,1.0,5.699,,,,,,,2134100.0,2200700.0,2347400.0,2505200.25,0.7083333333333334,0.0833333333333333,0.2083333333333333
122,Australia - New Zealand (ANZCERTA),Free Trade Agreement & Economic Integration Agreement,134.0,1982.0,1983-01-01,Bilateral,Oceania,Yes,No,en,AUS,NZL,26.0,60657.0,1580.0,1.0,36.0,554.0,0.0,2333.461,1.0,1.0,0.0,0.144,1.0,1.0,0.0,1.0,12.761,,,,,,,1130490.0,1102580.0,1120230.0,1028790.0,0.6538461538461539,0.0,0.3461538461538461
126,Australia - Papua New Guinea (PATCRA),Free Trade Agreement,139.0,1976.0,1977-02-01,Bilateral,Oceania,Yes,No,en,AUS,PNG,26.0,20346.0,841.0,1.0,36.0,598.0,0.0,2745.258,1.0,1.0,0.0,0.2339999999999999,1.0,1.0,1.0,1.0,7.47,,,,,,,215870.0,,243570.0,,0.8461538461538461,0.0,0.1538461538461538
139,Pakistan - China,Free Trade Agreement & Economic Integration Agreement,153.0,2006.0,2007-07-01,Bilateral,East Asia; West Asia,Yes,Yes,en,CHN,PAK,85.0,72531.0,2347.0,0.0,156.0,586.0,1.0,3882.877,0.0,0.0,0.0,0.023,0.0,0.0,0.0,0.0,2.069,601917859.679,5.884,9.3,22.8,48.0,38.0,4240732.0,2914926.0,5784920.0,4164230.25,0.7529411764705882,0.0588235294117647,0.188235294117647
141,Australia - China,Free Trade Agreement & Economic Integration Agreement,156.0,2015.0,2015-12-20,Bilateral,Oceania; East Asia,Yes,Yes,en,AUS,CHN,224.0,243608.0,4918.0,0.0,36.0,156.0,0.0,8956.436,0.0,0.0,0.0,0.0,0.0,0.0,0.0,0.0,56.554,19811750781.342,46.476000000000006,0.7,0.7,5.5,42.4,60774296.0,65141384.0,59517432.0,70127184.0,0.7232142857142857,0.0803571428571428,0.1964285714285714
142,Australia - Chile,Free Trade Agreement & Economic Integration Agreement,157.0,2008.0,2009-03-06,Bilateral,Oceania; South America,Yes,Yes,en,AUS,CHL,293.0,342546.0,6444.0,0.0,36.0,152.0,0.0,11353.718,0.0,0.0,0.0,0.247,0.0,0.0,0.0,0.0,49.65,273636846.329,37.507,0.8,7.5,5.5,49.0,259163.219,310956.312,166526.547,235577.234,0.5870307167235495,0.2559726962457337,0.1569965870307167
144,Canada - Colombia,Free Trade Agreement & Economic Integration Agreement,162.0,2008.0,2011-08-15,Bilateral,North America; South America,Yes,Yes,en,CAN,COL,279.0,395268.0,6889.0,1.0,124.0,170.0,0.0,4363.174,0.0,0.0,0.0,0.4529999999999999,0.0,0.0,0.0,0.0,46.399,454954372.41,40.278,0.4,14.9,7.5,43.0,673010.938,795319.375,519203.5,675074.125,0.6236559139784946,0.2114695340501792,0.1648745519713261
146,Canada - Rep. of Korea,Free Trade Agreement & Economic Integration Agreement,168.0,2014.0,2015-01-01,Bilateral,North America; East Asia,Yes,Yes,en,CAN,KOR,310.0,399855.0,7043.0,1.0,124.0,410.0,0.0,10617.703,0.0,1.0,0.0,0.054,0.0,0.0,0.0,0.0,50.44,1706688744.053,45.082,0.4,14.5,7.5,7.0,3789273.5,5442590.5,3150091.25,3983082.25,0.6838709677419355,0.1580645161290322,0.1580645161290322
148,Japan - Viet Nam,Free Trade Agreement & Economic Integration Agreement,170.0,2008.0,2009-10-01,Bilateral,East Asia,Yes,No,en,JPN,VNM,131.0,124825.0,3777.0,0.0,392.0,704.0,0.0,3672.564,0.0,0.0,0.0,0.0,0.0,0.0,0.0,0.0,37.972,334014403.782,34.799,7.5,16.8,31.0,47.0,7825155.5,8240300.0,6518343.5,7468100.0,0.8091603053435115,0.0610687022900763,0.1297709923664122
149,Japan - Indonesia,Free Trade Agreement & Economic Integration Agreement,172.0,2007.0,2008-07-01,Bilateral,East Asia,Yes,No,en,IDN,JPN,155.0,175400.0,5019.0,0.0,360.0,392.0,0.0,5791.627,0.0,0.0,0.0,0.001,0.0,0.0,0.0,0.0,1.871,4419763599.828,7.02,80.0,7.5,125.0,31.0,23632798.0,26262630.0,27743856.0,32558564.0,0.7483870967741936,0.0903225806451612,0.1612903225806451
150,India - Japan,Free Trade Agreement & Economic Integration Agreement,173.0,2011.0,2011-08-01,Bilateral,West Asia; East Asia,Yes,Yes,en,IND,JPN,149.0,161904.0,5037.0,0.0,356.0,392.0,0.0,5847.71,0.0,0.0,0.0,0.0,0.0,0.0,0.0,0.0,1.54,4573186804.907001,4.636,42.0,7.5,44.0,20.0,5663553.0,6802726.5,6697228.0,6992574.5,0.6912751677852349,0.1208053691275167,0.1879194630872483
151,Japan - Australia,Free Trade Agreement & Economic Integration Agreement,175.0,2014.0,2015-01-15,Bilateral,Oceania; East Asia,Yes,Yes,en,AUS,JPN,276.0,315643.0,5091.0,0.0,36.0,392.0,0.0,7831.446,0.0,0.0,0.0,0.004,0.0,0.0,0.0,0.0,62.215,5013008206.785999,46.446000000000005,0.7,7.5,5.5,19.2,43225712.0,48127340.0,29976308.0,34817356.0,0.6123188405797102,0.213768115942029,0.1739130434782608
155,Japan - Switzerland,Free Trade Agreement & Economic Integration Agreement,179.0,2009.0,2009-09-01,Bilateral,East Asia; Europe,Yes,Yes,en,CHE,JPN,156.0,173529.0,5359.0,0.0,756.0,392.0,0.0,9680.594,0.0,0.0,0.0,0.0069999999999999,1.0,1.0,0.0,0.0,69.669,4238262271.342,51.633,2.3,7.5,24.0,31.0,6583267.0,6266782.0,6461680.0,6789817.0,0.8076923076923077,0.0961538461538461,0.0961538461538461
156,US - Peru,Free Trade Agreement & Economic Integration Agreement,180.0,2006.0,2009-02-01,Bilateral,South America; North America,Yes,Yes,en,PER,USA,279.0,491979.0,8159.0,0.0,604.0,840.0,0.0,5890.553000000001,0.0,1.0,0.0,0.297,0.0,0.0,0.0,1.0,3.139,13855888000.0,7.404,31.1,0.8,84.0,12.0,5721698.0,6155100.0,5280062.5,5488700.0,0.6021505376344086,0.2258064516129032,0.1720430107526882
157,US - Panama,Free Trade Agreement & Economic Integration Agreement,181.0,2007.0,2012-10-31,Bilateral,Central America; North America,Yes,Yes,en,PAN,USA,282.0,479944.0,8094.0,0.0,591.0,840.0,0.0,3580.789,0.0,1.0,0.0,0.278,0.0,0.0,0.0,1.0,6.05,14477635000.0,13.13,13.0,0.7,24.0,12.0,400250.812,391200.0,441321.0,401900.0,0.5921985815602837,0.2198581560283688,0.1879432624113475
158,US - Oman,Free Trade Agreement & Economic Integration Agreement,182.0,2006.0,2009-01-01,Bilateral,Middle East; North America,Yes,Yes,en,OMN,USA,221.0,389153.0,6974.0,0.0,512.0,840.0,0.0,11357.148,0.0,0.0,0.0,0.009,0.0,0.0,0.0,0.0,14.566,13855888000.0,38.979,4.5,0.8,53.4,12.0,725031.812,960200.0,472685.188,1087500.0,0.5565610859728507,0.2850678733031674,0.1583710407239819
159,"Korea, Republic of - US",Free Trade Agreement & Economic Integration Agreement,183.0,2007.0,2012-03-15,Bilateral,East Asia; North America,Yes,Yes,en,KOR,USA,272.0,490125.0,8145.0,0.0,410.0,840.0,0.0,11065.702,0.0,1.0,0.0,0.065,0.0,0.0,0.0,0.0,23.101,14477635000.0,27.823,17.1,0.7,27.0,12.0,45884088.0,49319200.0,46500924.0,49823500.0,0.5808823529411765,0.2389705882352941,0.1801470588235294
160,Malaysia - Australia,Free Trade Agreement & Economic Integration Agreement,186.0,2012.0,2013-01-01,Bilateral,Oceania; East Asia,Yes,Yes,en,AUS,MYS,244.0,250291.0,5154.0,0.0,36.0,458.0,0.0,6617.087,0.0,0.0,0.0,0.013,1.0,1.0,0.0,1.0,67.525,671128434.618,42.61600000000001,0.7,15.1,5.5,15.5,5252974.0,4730180.5,5060511.5,5242467.0,0.6352459016393442,0.192622950819672,0.1721311475409836
161,Pakistan - Malaysia,Free Trade Agreement & Economic Integration Agreement,187.0,2007.0,2008-01-01,Bilateral,East Asia; West Asia,Yes,Yes,en,MYS,PAK,138.0,137644.0,3260.0,0.0,458.0,586.0,0.0,4509.983,0.0,0.0,1.0,0.478,1.0,1.0,0.0,1.0,7.218,647800680.909,19.488,23.1,15.3,41.5,37.0,1257199.75,1157505.25,1732340.875,1693663.875,0.6956521739130435,0.1014492753623188,0.2028985507246377
165,Albania - Bosnia and Herzegovina,Free Trade Agreement,191.0,2003.0,2004-12-01,Bilateral,Europe,No,No,en,ALB,BIH,41.0,35359.0,1210.0,1.0,8.0,70.0,0.0,303.87,0.0,0.0,0.0,0.0819999999999999,1.0,0.0,0.0,1.0,1.863,20213903.51,5.115,57.1,47.3,53.0,80.0,42.976000000000006,252.912,381.638,505.8,0.6829268292682927,0.0,0.3170731707317073
166,Albania - Bulgaria,Free Trade Agreement,192.0,2003.0,2003-09-01,Bilateral,Europe,Yes,No,en,ALB,BGR,38.0,32073.0,1209.0,0.0,8.0,100.0,0.0,324.046,0.0,0.0,0.0,0.022,1.0,0.0,0.0,1.0,1.863,65151655.915,5.115,57.1,10.4,53.0,51.0,190.331,256.192,1594.672,1398.1660000000002,0.7105263157894737,0.0,0.2894736842105263
167,Albania - Former Yugoslav Republic of Macedonia,Free Trade Agreement,193.0,2002.0,2002-07-01,Bilateral,Europe,Yes,No,en,ALB,MKD,41.0,31753.0,1213.0,0.0,8.0,807.0,1.0,155.963,0.0,1.0,0.0,0.062,1.0,1.0,0.0,1.0,1.4580000000000002,12919326.529,4.755,,,,,4958.782,1126.55,3049.382,3962.662,0.6829268292682927,0.0,0.3170731707317073
168,,,,,,,,,,,,,,,,,,,,,,,,,,,,,,,,,,,,,,,,0.6829268292682927,0.0,0.3170731707317073
169,Albania - Romania,Free Trade Agreement,195.0,2003.0,2004-01-01,Bilateral,Europe,Yes,No,en,ALB,ROU,42.0,28863.0,1132.0,0.0,8.0,642.0,0.0,617.628,0.0,0.0,0.0,0.002,1.0,1.0,0.0,0.0,1.863,,5.115,57.1,10.9,53.0,36.0,79.628,12.008,225.549,243.817,0.6904761904761905,0.0,0.3095238095238095
174,Australia - New Zealand Free Trade Agreement,Free Trade Agreement,200.0,1965.0,1966-01-01,Bilateral,Oceania,Yes,No,en,AUS,NZL,19.0,27108.0,1049.0,0.0,36.0,554.0,0.0,2333.461,1.0,1.0,0.0,0.144,1.0,1.0,0.0,1.0,2.277,,,,,,,188300.0,199980.0,198800.0,213730.0,0.6842105263157895,0.0,0.3157894736842105
176,Bulgaria - Bosnia and Herzegovina,Free Trade Agreement,202.0,2003.0,2004-12-01,Bilateral,Europe,No,No,en,BGR,BIH,42.0,37718.0,1219.0,1.0,100.0,70.0,0.0,416.34,0.0,0.0,0.0,0.043,1.0,1.0,0.0,1.0,2.697,20213903.51,8.379,10.4,47.3,51.0,80.0,9791.328,6618.292,11754.02,13374.748,0.6904761904761905,0.0,0.3095238095238095
177,Bulgaria - Estonia,Free Trade Agreement,203.0,2001.0,2002-01-01,Bilateral,Europe,Yes,No,en,BGR,EST,40.0,33625.0,1186.0,0.0,100.0,233.0,0.0,1866.91,0.0,0.0,0.0,0.003,1.0,1.0,0.0,0.0,1.783,14334255.34,6.954,,,,,3514.8540000000003,3843.327,2485.86,3188.827,0.725,0.0,0.275
178,Bulgaria - Former Yugoslav Republic of Macedonia,Free Trade Agreement,204.0,1999.0,2000-01-01,Bilateral,Europe,Yes,No,en,BGR,MKD,41.0,32269.0,1237.0,1.0,100.0,807.0,1.0,168.097,0.0,0.0,0.0,0.032,1.0,0.0,0.0,1.0,1.664,10977905.353,5.751,,,,,111921.0,91319.211,108897.086,97378.461,0.6829268292682927,0.0,0.3170731707317073
179,Bulgaria - Israel,Free Trade Agreement,205.0,2001.0,2002-01-01,Bilateral,Europe; Middle East,Yes,Yes,en,BGR,ISR,43.0,31814.0,1168.0,0.0,100.0,376.0,0.0,1551.37,0.0,0.0,0.0,0.009,0.0,0.0,0.0,0.0,1.783,160644163.51700002,6.954,,,,,32682.504,22900.0,43659.098,32300.0,0.6976744186046512,0.0,0.3023255813953488
180,Bulgaria - Latvia,Free Trade Agreement,206.0,2002.0,2003-04-01,Bilateral,Europe,Yes,No,en,BGR,LVA,38.0,32142.0,1133.0,0.0,100.0,428.0,0.0,1590.733,0.0,0.0,0.0,0.001,1.0,1.0,0.0,0.0,2.077,23263574.396,7.766,,,,,6772.155,8722.096,8762.276,9007.376,0.7105263157894737,0.0,0.2894736842105263
181,Bulgaria - Lithuania,Free Trade Agreement,207.0,2001.0,2002-03-01,Bilateral,Europe,Yes,No,en,BGR,LTU,40.0,35090.0,1218.0,0.0,100.0,440.0,0.0,1345.486,0.0,0.0,0.0,,1.0,0.0,0.0,0.0,1.783,32880187.166,6.954,,,,,7550.451,12920.506,8322.151,14666.973,0.675,0.0,0.325
183,Bulgaria - Slovak Republic Free Trade Agreement,Free Trade Agreement,209.0,1995.0,1996-03-11,Bilateral,Europe,Yes,No,en,BGR,SVK,41.0,30767.0,1195.0,1.0,100.0,703.0,0.0,776.85,0.0,0.0,0.0,0.004,1.0,1.0,0.0,0.0,1.555,46340521.696,5.317,,,,,9500.0,12228.193,11495.0,10617.84,0.6829268292682927,0.0,0.3170731707317073
184,Bulgaria - Slovenia,Free Trade Agreement,210.0,1996.0,1997-01-01,Bilateral,Europe,Yes,No,en,BGR,SVN,39.0,29834.0,1167.0,1.0,100.0,705.0,0.0,795.247,0.0,0.0,0.0,0.005,1.0,1.0,0.0,0.0,1.209,28383002.368,5.625,,,,,4116.0,7938.0,7408.0,14909.0,0.6410256410256411,0.0,0.358974358974359
185,Bulgaria - Turkey,Free Trade Agreement,211.0,1998.0,1999-01-01,Bilateral,Europe,Yes,No,en,BGR,TUR,42.0,31058.0,1166.0,0.0,100.0,792.0,1.0,502.329,0.0,1.0,0.0,0.105,0.0,0.0,1.0,0.0,1.7719999999999998,557287694.275,6.007000000000001,,,,,338776.0,,279135.0,295572.906,0.6904761904761905,0.0,0.3095238095238095
186,Canada - US Free Trade Agreement (CUSFTA),Free Trade Agreement,212.0,1988.0,1989-01-01,Bilateral,North America,Yes,No,en,CAN,USA,151.0,175320.0,4375.0,1.0,124.0,840.0,1.0,548.395,1.0,1.0,0.0,0.2689999999999999,1.0,1.0,0.0,1.0,18.815,,,,,,,81961976.0,81430000.0,85304984.0,89550232.0,0.7350993377483444,0.086092715231788,0.1788079470198675
193,Croatia - Albania,Free Trade Agreement,219.0,2002.0,2003-06-01,Bilateral,Europe,Yes,No,en,ALB,HRV,42.0,31698.0,1207.0,0.0,8.0,191.0,0.0,585.956,0.0,0.0,0.0,0.002,1.0,0.0,0.0,0.0,1.4580000000000002,54539973.75,4.755,,,,,159.391,264.705,316.495,667.15,0.7142857142857143,0.0,0.2857142857142857
194,Croatia - Bosnia and Herzegovina,Free Trade Agreement,220.0,2000.0,2001-01-01,Bilateral,Europe,No,No,en,BIH,HRV,41.0,35323.0,1172.0,0.0,70.0,191.0,1.0,290.154,1.0,1.0,0.0,0.12,1.0,1.0,0.0,1.0,1.436,47564558.954,4.526,,,,,60018.965,81673.648,73901.273,126812.664,0.6829268292682927,0.0,0.3170731707317073
195,Croatia - Former Yugoslav Republic of Macedonia,Free Trade Agreement,221.0,1997.0,1997-10-30,Bilateral,Europe,Yes,No,en,HRV,MKD,40.0,30981.0,1128.0,1.0,191.0,807.0,0.0,610.809,0.0,0.0,0.0,0.0069999999999999,1.0,0.0,0.0,0.0,5.21,9914582.508,9.368,,,,,77470.0,69450.914,58720.0,64607.797,0.725,0.0,0.275
197,Czech Republic - Bulgaria Free Trade Agreement,Free Trade Agreement,223.0,1995.0,1996-06-07,Bilateral,Europe,Yes,No,en,BGR,CZE,41.0,30587.0,1200.0,0.0,100.0,203.0,0.0,1069.866,0.0,0.0,0.0,0.002,0.0,1.0,0.0,0.0,1.555,141366056.776,5.317,,,,,18500.0,19039.482,23260.0,24870.217,0.6829268292682927,0.0,0.3170731707317073
198,Czech Republic - Estonia,Free Trade Agreement,224.0,1996.0,1998-02-12,Bilateral,Europe,Yes,No,en,CZE,EST,43.0,32097.0,1163.0,0.0,203.0,233.0,0.0,1227.457,0.0,0.0,0.0,0.038,0.0,1.0,0.0,0.0,6.473,9662625.573,14.538,,,,,15691.395,19324.6,15583.72,20400.0,0.6046511627906976,0.0,0.3953488372093023
199,Czech Republic - Israel,Free Trade Agreement,225.0,1996.0,1997-12-01,Bilateral,Europe; Middle East,Yes,Yes,en,CZE,ISR,41.0,33287.0,1248.0,0.0,203.0,376.0,0.0,2614.886,0.0,0.0,0.0,0.004,0.0,0.0,0.0,0.0,6.473,117993975.123,14.538,,,,,30408.162,26000.0,31123.953,30700.0,0.6585365853658537,0.0,0.3414634146341464
200,Czech Republic - Latvia,Free Trade Agreement,226.0,1996.0,1997-09-01,Bilateral,Europe,Yes,No,en,CZE,LVA,43.0,31642.0,1172.0,0.0,203.0,428.0,0.0,993.245,0.0,0.0,0.0,0.078,0.0,1.0,0.0,0.0,6.473,14243962.434,14.538,,,,,23945.264,20632.246,27844.678,25975.949,0.6511627906976745,0.0,0.3488372093023256
201,Czech Republic - Lithuania,Free Trade Agreement,227.0,1996.0,1997-07-01,Bilateral,Europe,Yes,No,en,CZE,LTU,42.0,30903.0,1146.0,1.0,203.0,440.0,0.0,896.584,0.0,0.0,0.0,,0.0,0.0,0.0,0.0,6.473,22977271.21,14.538,,,,,85724.734,80933.398,104514.711,104464.305,0.6666666666666666,0.0,0.3333333333333333
202,Czech Republic - Romania Free Trade Agreement,Free Trade Agreement,228.0,1994.0,1995-01-01,Bilateral,Europe,Yes,No,en,CZE,ROU,41.0,31030.0,1204.0,0.0,203.0,642.0,0.0,1083.813,0.0,0.0,0.0,0.022,0.0,0.0,0.0,0.0,4.584,,12.616,,,,,46851.527,50200.0,55233.316,72300.0,0.6585365853658537,0.0,0.3414634146341464
203,,,,,,,,,,,,,,,,,,,,,,,,,,,,,,,,,,,,,,,,1.0,0.0,0.0
204,Czech Republic - Slovenia,Free Trade Agreement,230.0,1993.0,1994-01-01,Bilateral,Europe,Yes,No,en,CZE,SVN,41.0,30902.0,1251.0,1.0,203.0,705.0,0.0,448.934,0.0,0.0,0.0,0.28,0.0,1.0,0.0,1.0,3.916,,12.008,,,,,100919.992,106218.0,165332.609,177766.0,0.6829268292682927,0.0,0.3170731707317073
205,Czech Republic - Turkey,Free Trade Agreement,231.0,1997.0,1998-09-01,Bilateral,Europe,Yes,No,en,CZE,TUR,39.0,30479.0,1159.0,0.0,203.0,792.0,0.0,1511.031,0.0,0.0,0.0,0.0,0.0,0.0,0.0,0.0,5.98,520409370.15,14.68,,,,,78416.422,98455.0,84687.148,93300.0,0.6923076923076923,0.0,0.3076923076923077
254,El Salvador - Nicaragua Free Trade Area,Free Trade Agreement,297.0,1951.0,1951-08-21,Bilateral,Central America,Yes,No,en,NIC,SLV,26.0,16892.0,913.0,0.0,558.0,222.0,0.0,356.557,1.0,1.0,0.0,0.912,1.0,1.0,0.0,1.0,0.111,,,,,,,2100.0,1900.0,1200.0,1200.0,0.8076923076923077,0.0,0.1923076923076923
256,Estonia - Faeroe Islands,Free Trade Agreement,299.0,1997.0,1998-12-01,Bilateral,Europe,No,No,en,EST,FRO,32.0,22467.0,937.0,1.0,233.0,234.0,0.0,1722.169,0.0,0.0,0.0,0.659,0.0,0.0,0.0,0.0,3.615,,7.837000000000001,,,,,100.0,110.0,50.0,55.0,0.78125,0.0,0.21875
258,Estonia - Norway Free Trade Agreement,Free Trade Agreement,301.0,1992.0,1992-06-15,Bilateral,Europe,Yes,No,en,EST,NOR,27.0,17872.0,1031.0,1.0,233.0,578.0,0.0,787.4169999999999,0.0,0.0,0.0,0.6459999999999999,0.0,0.0,0.0,0.0,,88212166.67899999,,,,,,7342.380999999999,,4789.639,15662.557,0.7407407407407407,0.0,0.2592592592592592
259,Estonia - Sweden Free Trade Agreement,Free Trade Agreement,302.0,1992.0,1992-07-01,Bilateral,Europe,Yes,No,en,EST,SWE,26.0,18816.0,1009.0,1.0,233.0,752.0,0.0,377.94,0.0,0.0,0.0,0.452,0.0,0.0,1.0,0.0,,177611286.785,,,,,,87318.398,,76488.578,,0.6923076923076923,0.0,0.3076923076923077
260,Estonia - Switzerland Free Trade Agreement,Free Trade Agreement,303.0,1992.0,1993-04-01,Bilateral,Europe,Yes,No,en,CHE,EST,34.0,25197.0,1181.0,0.0,756.0,233.0,0.0,1794.213,0.0,0.0,0.0,0.296,0.0,1.0,0.0,0.0,39.436,,28.139,,,,,,2122.476,3781.547,4701.911,0.7352941176470589,0.0,0.2647058823529412
261,Estonia - Ukraine,Free Trade Agreement,304.0,1995.0,1996-03-14,Bilateral,Europe; Commonwealth of Independent States (CIS),Yes,Yes,en,EST,UKR,30.0,20305.0,913.0,1.0,233.0,804.0,0.0,1066.134,0.0,0.0,1.0,0.0,1.0,0.0,0.0,1.0,3.036,190035087.671,6.28,,,,,68979.867,75877.852,104503.203,38700.0,0.7333333333333333,0.0,0.2666666666666666
262,Finland - Estonia Protocol,Free Trade Agreement,307.0,1992.0,1992-12-01,Bilateral,Europe,Yes,No,en,EST,FIN,15.0,6938.0,469.0,1.0,233.0,246.0,0.0,80.985,0.0,0.0,0.0,0.614,0.0,0.0,0.0,1.0,,86990843.87799999,,,,,,109499.852,,166575.578,132336.359,0.9333333333333332,0.0,0.0666666666666666
263,Finland - Latvia Protocol,Free Trade Agreement,310.0,1992.0,1993-07-01,Bilateral,Europe,Yes,No,en,FIN,LVA,14.0,7499.0,481.0,0.0,246.0,428.0,0.0,358.129,0.0,0.0,0.0,0.131,0.0,0.0,0.0,1.0,22.337,,17.253,,,,,45353.41,49888.754,44276.742,43920.625,0.9285714285714286,0.0,0.0714285714285714
264,Finland - Lithuania Protocol,Free Trade Agreement,311.0,1992.0,1993-07-01,Bilateral,Europe,Yes,No,en,FIN,LTU,15.0,7356.0,487.0,1.0,246.0,440.0,0.0,606.876,0.0,0.0,0.0,,0.0,0.0,0.0,1.0,22.337,,17.253,,,,,27370.102000000003,30107.111,35916.645,39508.312000000005,0.9333333333333332,0.0,0.0666666666666666
265,Former Yugoslav Republic of Macedonia  - Bosnia and Herzegovina,Free Trade Agreement,314.0,2002.0,2002-07-15,Bilateral,Europe,No,No,en,BIH,MKD,42.0,36563.0,1174.0,1.0,70.0,807.0,0.0,322.85400000000004,0.0,0.0,0.0,0.122,1.0,0.0,0.0,1.0,1.707,12919326.529,5.114,,,,,10445.119,14298.722,9361.438,11753.187,0.6904761904761905,0.0,0.3095238095238095
266,Ghana - Upper Volta Trade Agreement,Free Trade Agreement,315.0,1961.0,1962-05-09,Bilateral,Africa,Yes,No,en,BFA,GHA,18.0,8209.0,509.0,1.0,854.0,288.0,1.0,770.8589999999999,0.0,0.0,0.0,0.088,0.0,0.0,0.0,0.0,0.072,,,,,,,2800.0,9400.0,3400.0,9500.0,0.7777777777777778,0.0,0.2222222222222222
268,Hungary - Estonia,Free Trade Agreement,317.0,1998.0,2001-03-01,Bilateral,Europe,Yes,No,en,EST,HUN,38.0,30951.0,1167.0,1.0,233.0,348.0,0.0,1377.818,0.0,0.0,0.0,0.153,1.0,1.0,0.0,0.0,4.046,106543783.305,8.357000000000001,,,,,8240.0,8026.0,5600.0,7724.0,0.631578947368421,0.0,0.3684210526315789
269,Hungary - Israel,Free Trade Agreement,318.0,1997.0,1998-02-01,Bilateral,Europe; Middle East,Yes,Yes,en,HUN,ISR,40.0,32254.0,1259.0,0.0,348.0,376.0,0.0,2170.795,0.0,0.0,0.0,0.006,0.0,0.0,0.0,0.0,4.574,124882776.608,9.792,,,,,48766.0,39800.0,36800.0,37800.0,0.7,0.0,0.3
270,Hungary - Latvia,Free Trade Agreement,319.0,1999.0,2000-01-01,Bilateral,Europe,Yes,No,en,HUN,LVA,40.0,29223.0,1101.0,1.0,348.0,428.0,0.0,1105.945,0.0,0.0,0.0,0.129,1.0,1.0,0.0,0.0,4.783,17702205.117,10.874,,,,,24207.0,27430.859,26670.59,27441.305,0.625,0.0,0.375
271,Hungary - Lithuania,Free Trade Agreement,320.0,1998.0,2000-03-01,Bilateral,Europe,Yes,No,en,HUN,LTU,38.0,30936.0,1152.0,1.0,348.0,440.0,0.0,910.811,0.0,0.0,0.0,,1.0,0.0,0.0,0.0,4.729,27525353.193000004,10.378,,,,,55647.0,62685.301,49232.0,56526.398,0.6578947368421053,0.0,0.3421052631578947
272,Hungary - Slovenia Free Trade Agreement,Free Trade Agreement,321.0,1994.0,1995-01-01,Bilateral,Europe,Yes,No,en,HUN,SVN,41.0,31709.0,1221.0,1.0,348.0,705.0,1.0,381.625,0.0,0.0,0.0,0.385,1.0,1.0,0.0,0.0,4.15,,8.814,,,,,196000.0,192604.0,255800.0,266823.0,0.6829268292682927,0.0,0.3170731707317073
273,Hungary - Turkey,Free Trade Agreement,322.0,1997.0,1998-04-01,Bilateral,Europe,Yes,No,en,HUN,TUR,37.0,25050.0,1021.0,0.0,348.0,792.0,0.0,1066.445,0.0,0.0,0.0,0.001,0.0,0.0,0.0,0.0,4.574,520409370.15,9.792,,,,,82856.0,106424.0,99175.0,152400.0,0.7297297297297297,0.0,0.2702702702702703
274,Ireland - United Kingdom Free Trade Area,Free Trade Agreement,323.0,1965.0,1966-07-01,Bilateral,Europe,Yes,No,en,GBR,IRL,29.0,46193.0,1760.0,1.0,826.0,372.0,1.0,460.411,1.0,1.0,0.0,0.127,1.0,1.0,1.0,0.0,1.851,,,,,,,519700.0,526300.0,530200.0,540899.938,0.6206896551724138,0.0,0.3793103448275862
276,Latvia - Norway Free Trade Agreement,Free Trade Agreement,325.0,1992.0,1992-06-16,Bilateral,Europe,Yes,No,en,LVA,NOR,28.0,19236.0,1087.0,1.0,428.0,578.0,0.0,843.1139999999999,0.0,0.0,0.0,0.138,0.0,0.0,0.0,0.0,1.854,88212166.67899999,,,,,,10324.815,11357.296,2940.3190000000004,24639.35,0.75,0.0,0.25
277,Latvia - Sweden Free Trade Agreement,Free Trade Agreement,326.0,1992.0,1992-07-01,Bilateral,Europe,Yes,No,en,LVA,SWE,27.0,18997.0,1004.0,1.0,428.0,752.0,0.0,441.649,0.0,0.0,0.0,0.099,0.0,0.0,0.0,0.0,1.854,177611286.785,,,,,,71681.008,78849.102,64916.84,103647.227,0.7037037037037037,0.0,0.2962962962962963
278,Latvia - Switzerland Free Trade Agreement,Free Trade Agreement,327.0,1992.0,1993-04-01,Bilateral,Europe,Yes,No,en,CHE,LVA,35.0,26290.0,1248.0,0.0,756.0,428.0,0.0,1587.651,0.0,0.0,0.0,0.157,0.0,1.0,0.0,0.0,39.436,,28.139,,,,,2282.39,2510.629,4895.416,6835.685,0.7428571428571429,0.0,0.2571428571428571
279,Lithuania - Norway Free Trade Agreement,Free Trade Agreement,328.0,1992.0,1992-06-16,Bilateral,Europe,Yes,No,en,LTU,NOR,29.0,18641.0,1061.0,1.0,440.0,578.0,0.0,1048.369,0.0,0.0,0.0,,0.0,0.0,0.0,0.0,2.314,88212166.67899999,,,,,,4675.0070000000005,5142.508,3276.036,3603.64,0.7586206896551724,0.0,0.2413793103448276
280,Lithuania - Sweden Free Trade Agreement,Free Trade Agreement,329.0,1992.0,1992-07-01,Bilateral,Europe,Yes,No,en,LTU,SWE,27.0,18929.0,1022.0,1.0,440.0,752.0,0.0,677.482,0.0,0.0,0.0,,0.0,0.0,0.0,0.0,2.314,177611286.785,,,,,,59221.016,65143.117,46715.527,51387.078,0.7037037037037037,0.0,0.2962962962962963
281,Lithuania - Switzerland Free-Trade Agreement,Free Trade Agreement,330.0,1992.0,1993-04-01,Bilateral,Europe,Yes,No,en,CHE,LTU,35.0,25901.0,1189.0,0.0,756.0,440.0,0.0,1516.9979999999998,0.0,0.0,0.0,,0.0,0.0,0.0,0.0,39.436,,28.139,,,,,3861.202,4247.322,6715.9130000000005,7387.504,0.7428571428571429,0.0,0.2571428571428571
282,Moldova - Bosnia and Herzegovina,Free Trade Agreement,331.0,2002.0,2004-05-01,Bilateral,Europe; Commonwealth of Independent States (CIS),No,Yes,en,BIH,MDA,40.0,31619.0,1148.0,1.0,70.0,498.0,0.0,883.068,0.0,0.0,0.0,0.0,1.0,0.0,0.0,0.0,1.707,7953150.855,5.114,,,,,26.972,54.901,110.318,116.0,0.675,0.0,0.325
283,Moldova - Bulgaria,Free Trade Agreement,332.0,2004.0,2004-12-01,Bilateral,Europe; Commonwealth of Independent States (CIS),Yes,Yes,en,BGR,MDA,38.0,31814.0,1173.0,1.0,100.0,498.0,0.0,650.321,0.0,1.0,0.0,0.0,1.0,0.0,0.0,0.0,3.3310000000000004,9542369.318,9.177,10.3,18.6,51.0,43.0,19432.117,29592.199,20222.301,28978.199,0.7105263157894737,0.0,0.2894736842105263
284,Moldova - Croatia,Free Trade Agreement,333.0,2004.0,2004-10-01,Bilateral,Europe; Commonwealth of Independent States (CIS),Yes,Yes,en,HRV,MDA,40.0,28939.0,1159.0,1.0,191.0,498.0,0.0,995.402,0.0,0.0,0.0,0.0,1.0,0.0,0.0,0.0,9.366,9542369.318,14.098,13.7,18.6,40.0,43.0,8025.919,2219.499,2509.049,2083.5,0.7,0.0,0.3
285,Moldova - Former Yugoslav Republic of Macedonia,Free Trade Agreement,334.0,2004.0,2004-12-01,Bilateral,Commonwealth of Independent States (CIS); Europe,Yes,Yes,en,MDA,MKD,43.0,33866.0,1194.0,0.0,498.0,807.0,0.0,806.596,0.0,0.0,0.0,0.0,1.0,1.0,0.0,0.0,0.721,14574375.604,2.648,18.6,10.6,43.0,63.0,81.6,316.993,57.504,268.548,0.6511627906976745,0.0,0.3488372093023256
287,Poland - Faeroe Islands,Free Trade Agreement,336.0,1998.0,1998-06-01,Bilateral,Europe,No,No,en,FRO,POL,34.0,25401.0,1018.0,0.0,234.0,616.0,0.0,1974.861,0.0,0.0,0.0,0.002,0.0,0.0,0.0,0.0,24.544,365826407.97,,,,,,377.273,415.0,141.81799999999998,156.0,0.7941176470588235,0.0,0.2058823529411765
288,Poland - Israel,Free Trade Agreement,337.0,1998.0,1998-03-01,Bilateral,Middle East; Europe,Yes,Yes,en,ISR,POL,42.0,29940.0,1146.0,1.0,376.0,616.0,0.0,2505.682,0.0,0.0,0.0,0.008,0.0,0.0,0.0,0.0,19.259,365826407.97,22.032,,,,,128300.0,140276.984,157600.0,161894.891,0.6666666666666666,0.0,0.3333333333333333
289,Poland - Latvia,Free Trade Agreement,338.0,1997.0,1999-06-01,Bilateral,Europe,Yes,No,en,LVA,POL,41.0,34956.0,1282.0,0.0,428.0,616.0,0.0,559.844,0.0,0.0,0.0,0.148,1.0,1.0,0.0,0.0,2.521,344600881.917,6.48,,,,,20305.35,19546.0,31995.895,29542.0,0.6829268292682927,0.0,0.3170731707317073
290,Poland - Lithuania,Free Trade Agreement,339.0,1996.0,1997-12-30,Bilateral,Europe,Yes,No,en,LTU,POL,40.0,32009.0,1202.0,0.0,440.0,616.0,1.0,393.752,0.0,0.0,0.0,,1.0,0.0,0.0,0.0,2.34,318844115.955,6.38,,,,,103896.094,109655.0,89900.305,111752.0,0.65,0.0,0.35
291,Romania - Bosnia and Herzegovina,Free Trade Agreement,340.0,2003.0,2003-10-24,Bilateral,Europe,No,No,en,BIH,ROU,44.0,33854.0,1176.0,1.0,70.0,642.0,0.0,616.487,0.0,0.0,0.0,0.0139999999999999,1.0,0.0,0.0,0.0,2.148,,5.349,47.3,10.9,80.0,36.0,288.946,671.567,2206.683,19390.176,0.6818181818181818,0.0,0.3181818181818182
292,Romania - Former Yugoslav Republic of Macedonia,Free Trade Agreement,341.0,2003.0,2004-01-01,Bilateral,Europe,Yes,No,en,MKD,ROU,43.0,29562.0,1156.0,0.0,807.0,642.0,0.0,463.171,0.0,0.0,0.0,0.004,1.0,1.0,0.0,0.0,2.286,,6.502000000000001,11.0,10.9,63.0,36.0,1389.6570000000002,2319.439,1826.636,1467.7320000000002,0.6744186046511628,0.0,0.3255813953488372
293,Romania - Israel,Free Trade Agreement,342.0,2001.0,2001-07-01,Bilateral,Middle East; Europe,Yes,Yes,en,ISR,ROU,43.0,31498.0,1144.0,1.0,376.0,642.0,0.0,1564.973,0.0,0.0,0.0,0.002,0.0,0.0,0.0,0.0,20.127,,24.949,,,,,128000.0,120053.617,111900.0,108402.477,0.6976744186046512,0.0,0.3023255813953488
294,Romania - Moldova,Free Trade Agreement,343.0,1994.0,1995-01-01,Bilateral,Commonwealth of Independent States (CIS); Europe,Yes,Yes,en,MDA,ROU,36.0,21357.0,938.0,1.0,498.0,642.0,1.0,356.672,1.0,1.0,0.0,0.0,1.0,1.0,0.0,0.0,0.461,,,,,,,83400.0,95000.0,103700.0,104500.0,0.75,0.0,0.25
296,Romania - Turkey,Free Trade Agreement,345.0,1997.0,1998-02-01,Bilateral,Europe,Yes,No,en,ROU,TUR,42.0,31829.0,1211.0,0.0,642.0,792.0,0.0,442.047,0.0,0.0,0.0,0.012,0.0,1.0,1.0,0.0,1.565,520409370.15,,,,,,353000.0,393590.031,323000.0,344800.0,0.6904761904761905,0.0,0.3095238095238095
297,Slovak Republic - Estonia,Free Trade Agreement,346.0,1996.0,1998-03-13,Bilateral,Europe,Yes,No,en,EST,SVK,43.0,32103.0,1165.0,0.0,233.0,703.0,0.0,1345.682,0.0,0.0,0.0,0.07,1.0,1.0,0.0,0.0,3.3480000000000003,50301306.141,6.8260000000000005,,,,,595.2,750.868,900.0,766.6669999999999,0.6046511627906976,0.0,0.3953488372093023
298,Slovak Republic - Israel,Free Trade Agreement,347.0,1996.0,1997-01-01,Bilateral,Middle East; Europe,Yes,Yes,en,ISR,SVK,41.0,33167.0,1238.0,0.0,376.0,703.0,0.0,2322.519,0.0,0.0,0.0,0.008,0.0,0.0,0.0,0.0,19.178,50301306.141,20.73,,,,,12100.0,19825.109,21300.0,32706.992,0.6585365853658537,0.0,0.3414634146341464
299,Slovak Republic - Latvia,Free Trade Agreement,348.0,1996.0,1997-07-01,Bilateral,Europe,Yes,No,en,LVA,SVK,43.0,31662.0,1168.0,0.0,428.0,703.0,0.0,1083.025,0.0,0.0,0.0,0.147,1.0,1.0,0.0,0.0,2.273,50301306.141,5.797000000000001,,,,,3352.51,2959.816,4215.2,3762.748,0.6511627906976745,0.0,0.3488372093023256
300,Slovak Republic - Lithuania,Free Trade Agreement,349.0,1996.0,1997-11-14,Bilateral,Europe,Yes,No,en,LTU,SVK,42.0,30946.0,1147.0,1.0,440.0,703.0,0.0,918.513,0.0,0.0,0.0,,1.0,0.0,0.0,0.0,2.34,50301306.141,6.38,,,,,1424.6,2680.635,2827.8,2556.312,0.6666666666666666,0.0,0.3333333333333333
301,Slovak Republic - Romania Free Trade Agreement,Free Trade Agreement,350.0,1994.0,1995-01-01,Bilateral,Europe,Yes,No,en,ROU,SVK,41.0,31042.0,1205.0,1.0,642.0,703.0,0.0,804.204,0.0,1.0,0.0,0.0409999999999999,1.0,0.0,0.0,0.0,1.3230000000000002,42887575.83,,,,,,7500.0,8428.3,10100.0,11698.039,0.6585365853658537,0.0,0.3414634146341464
302,Slovak Republic - Turkey,Free Trade Agreement,352.0,1997.0,1998-08-01,Bilateral,Europe,Yes,No,en,SVK,TUR,40.0,30424.0,1158.0,0.0,703.0,792.0,0.0,1223.27,0.0,0.0,0.0,0.001,0.0,0.0,0.0,0.0,5.138,520409370.15,10.061,,,,,25365.42,22398.0,24847.75,23400.0,0.675,0.0,0.325
303,Slovenia - Bosnia and Herzegovina,Free Trade Agreement,353.0,2001.0,2002-01-01,Bilateral,Europe,No,No,en,BIH,SVN,37.0,29664.0,1133.0,0.0,70.0,705.0,0.0,394.747,0.0,0.0,0.0,0.113,1.0,1.0,0.0,1.0,1.482,37846698.512,4.742,,,,,60359.789,62434.543,84239.773,65372.277,0.7567567567567568,0.0,0.2432432432432433
304,Slovenia - Croatia,Free Trade Agreement,354.0,1997.0,1998-01-01,Bilateral,Europe,Yes,No,en,HRV,SVN,42.0,29623.0,1132.0,0.0,191.0,705.0,1.0,117.345,0.0,0.0,0.0,0.546,1.0,1.0,0.0,1.0,5.21,30306251.616,9.368,,,,,529550.0,465492.0,389972.0,429360.0,0.6904761904761905,0.0,0.3095238095238095
305,Slovenia - Estonia,Free Trade Agreement,355.0,1996.0,1997-01-01,Bilateral,Europe,Yes,No,en,EST,SVN,43.0,32607.0,1176.0,1.0,233.0,705.0,0.0,1634.182,0.0,0.0,0.0,0.0139999999999999,1.0,1.0,0.0,0.0,3.3480000000000003,28383002.368,6.8260000000000005,,,,,326.5,526.0,100.0,901.0,0.6046511627906976,0.0,0.3953488372093023
306,Slovenia - Former Yugoslav Republic of Macedonia,Free Trade Agreement,356.0,1996.0,1996-09-01,Bilateral,Europe,Yes,No,en,MKD,SVN,42.0,32404.0,1235.0,0.0,807.0,705.0,0.0,717.5880000000001,0.0,0.0,0.0,0.008,1.0,0.0,0.0,0.0,2.239,28383002.368,4.83,,,,,82120.641,71455.0,58933.039,56111.0,0.6666666666666666,0.0,0.3333333333333333
307,Slovenia - Israel,Free Trade Agreement,357.0,1998.0,1998-09-01,Bilateral,Middle East; Europe,Yes,Yes,en,ISR,SVN,41.0,30839.0,1179.0,1.0,376.0,705.0,0.0,2330.303,0.0,0.0,0.0,0.008,0.0,0.0,0.0,0.0,19.259,31754417.297,22.032,,,,,35900.0,35889.0,41600.0,39641.477,0.6829268292682927,0.0,0.3170731707317073
308,Slovenia - Latvia,Free Trade Agreement,358.0,1996.0,1996-08-01,Bilateral,Europe,Yes,No,en,LVA,SVN,38.0,26090.0,1090.0,1.0,428.0,705.0,0.0,1378.849,0.0,0.0,0.0,0.13,1.0,1.0,0.0,0.0,2.273,28383002.368,5.797000000000001,,,,,819.5930000000001,1539.0,2313.969,3064.0,0.7105263157894737,0.0,0.2894736842105263
309,Slovenia - Lithuania,Free Trade Agreement,359.0,1996.0,1997-03-01,Bilateral,Europe,Yes,No,en,LTU,SVN,42.0,31470.0,1190.0,1.0,440.0,705.0,0.0,1225.651,0.0,0.0,0.0,,1.0,0.0,0.0,0.0,2.34,28383002.368,6.38,,,,,678.7,1068.0,1649.7,1436.0,0.6904761904761905,0.0,0.3095238095238095
310,South Africa - Southern Rhodesia Customs Union,Customs Union,360.0,1948.0,1949-04-01,Bilateral,Africa,Yes,No,en,ZAF,ZWE,1.0,4852.0,362.0,0.0,710.0,716.0,1.0,2186.206,1.0,1.0,0.0,0.099,1.0,1.0,0.0,1.0,,,,,,,,,46530.0,,49170.0,1.0,0.0,0.0
311,Turkey - Estonia,Free Trade Agreement,361.0,1997.0,1998-07-01,Bilateral,Europe,Yes,No,en,EST,TUR,37.0,27289.0,1073.0,0.0,233.0,792.0,0.0,2066.79,0.0,0.0,0.0,0.0,0.0,0.0,0.0,0.0,3.615,520409370.15,7.837000000000001,,,,,11000.0,30952.0,18600.0,10200.0,0.6486486486486487,0.0,0.3513513513513513
312,Turkey - Latvia,Free Trade Agreement,362.0,1998.0,2000-07-01,Bilateral,Europe,Yes,No,en,LVA,TUR,38.0,22940.0,967.0,1.0,428.0,792.0,0.0,1805.448,0.0,0.0,0.0,0.0,0.0,0.0,0.0,0.0,2.7460000000000004,557287694.275,7.069,,,,,1910.805,2700.0,827.575,1659.23,0.6842105263157895,0.0,0.3157894736842105
313,Turkey - Lithuania,Free Trade Agreement,363.0,1997.0,1998-03-01,Bilateral,Europe,Yes,No,en,LTU,TUR,38.0,26792.0,1086.0,0.0,440.0,792.0,0.0,1542.741,0.0,0.0,0.0,,0.0,1.0,0.0,0.0,2.833,520409370.15,7.065,,,,,31459.699,39148.0,32090.5,79600.0,0.6578947368421053,0.0,0.3421052631578947
314,Turkey - Poland,Free Trade Agreement,364.0,1999.0,2000-05-01,Bilateral,Europe,Yes,No,en,POL,TUR,42.0,31732.0,1203.0,0.0,616.0,792.0,0.0,1386.394,0.0,0.0,0.0,0.001,0.0,0.0,0.0,0.0,4.351,545462779.63,10.022,,,,,84515.508,81240.75,132889.531,164681.016,0.6904761904761905,0.0,0.3095238095238095
315,Turkey - Slovenia,Free Trade Agreement,365.0,1998.0,2000-06-01,Bilateral,Europe,Yes,No,en,SVN,TUR,42.0,29144.0,1103.0,0.0,705.0,792.0,0.0,1290.683,0.0,0.0,0.0,0.016,0.0,0.0,0.0,0.0,11.165,557287694.275,16.024,,,,,57534.0,43300.0,57899.977,48005.367,0.6428571428571429,0.0,0.3571428571428571
323,,,,,,,,,,,,,,,,,,,,,,,,,,,,,,,,,,,,,,,,0.8947368421052632,0.0,0.1052631578947368
324,India - Nepal,Partial Scope Agreement,392.0,2009.0,2009-10-27,Bilateral,West Asia,Yes,No,en,IND,NPL,14.0,5792.0,395.0,0.0,356.0,524.0,1.0,801.184,0.0,0.0,0.0,0.003,1.0,1.0,0.0,0.0,1.147,49560311.858,3.92,66.1,53.6,47.0,38.0,1417254.125,2131931.0,1906760.875,3252656.25,0.7857142857142857,0.0,0.2142857142857142
325,Guatemala - Chinese Taipei,Free Trade Agreement & Economic Integration Agreement,424.0,2005.0,2006-07-01,Bilateral,East Asia; Central America,Yes,Yes,en,GTM,TWN,227.0,263559.0,5404.0,0.0,320.0,158.0,0.0,14409.712,0.0,0.0,0.0,0.016,0.0,0.0,0.0,0.0,2.146,,5.582000000000001,58.4,,54.0,,12361.601,,13610.4,,0.748898678414097,0.0837004405286343,0.1674008810572687
326,Panama - Chinese Taipei,Free Trade Agreement & Economic Integration Agreement,425.0,2003.0,2004-01-01,Bilateral,East Asia; Central America,Yes,Yes,en,PAN,TWN,235.0,297184.0,5796.0,0.0,591.0,158.0,0.0,15612.308,0.0,0.0,0.0,0.015,0.0,0.0,0.0,0.0,3.991,,8.979,14.9,,24.0,,6855.253000000001,,11389.991000000002,,0.6425531914893617,0.1914893617021277,0.1659574468085106
329,Chile - Malaysia,Free Trade Agreement,453.0,2010.0,2012-02-25,Bilateral,South America; East Asia,Yes,Yes,en,CHL,MYS,123.0,104845.0,2946.0,1.0,152.0,458.0,0.0,16562.121,0.0,0.0,0.0,0.023,0.0,0.0,0.0,0.0,12.682,581371153.774,18.357,6.8,17.5,42.5,26.5,210105.781,228812.312,211425.344,261888.312,0.7479674796747967,0.0,0.2520325203252032
330,Iceland - China,Free Trade Agreement & Economic Integration Agreement,454.0,2013.0,2014-07-01,Bilateral,East Asia; Europe,Yes,Yes,en,CHN,ISL,131.0,103541.0,2922.0,0.0,156.0,352.0,0.0,7889.944,0.0,0.0,0.0,0.0,0.0,0.0,0.0,0.0,6.807,13802407.525,12.368,1.9,2.7,47.4,9.5,147124.359,391549.406,143686.219,396578.875,0.7251908396946565,0.0381679389312977,0.2366412213740458
333,"Hong Kong, China - New Zealand",Free Trade Agreement & Economic Integration Agreement,488.0,2010.0,2011-01-01,Bilateral,East Asia; Oceania,Yes,Yes,en,HKG,NZL,194.0,191286.0,4154.0,0.0,344.0,554.0,0.0,9631.967,1.0,1.0,0.0,0.043,1.0,1.0,0.0,1.0,32.55,136019352.82,47.135,2.0,0.4,9.0,1.5,493410.344,106995.695,533850.875,124413.664,0.6804123711340206,0.1237113402061855,0.1958762886597938
334,New Zealand - Malaysia,Free Trade Agreement & Economic Integration Agreement,489.0,2009.0,2010-08-01,Bilateral,East Asia; Oceania,Yes,Yes,en,MYS,NZL,204.0,210977.0,4744.0,0.0,458.0,554.0,0.0,8928.609,0.0,0.0,0.0,0.011,1.0,1.0,0.0,1.0,7.278,132086826.201,19.448,15.6,0.4,28.5,1.5,546286.062,739782.562,929085.5,1072863.75,0.7009803921568627,0.1176470588235294,0.1813725490196078
335,Peru - Singapore,Free Trade Agreement & Economic Integration Agreement,495.0,2008.0,2009-08-01,Bilateral,South America; East Asia,Yes,Yes,en,PER,SGP,213.0,241245.0,8815.0,0.0,604.0,702.0,0.0,18825.875,0.0,0.0,0.0,0.045,0.0,0.0,0.0,0.0,4.247,307003100.348,8.957,24.4,0.9,76.5,7.5,4200.585999999999,8714.136999999999,7826.929,20149.191000000003,0.6572769953051644,0.1408450704225352,0.2018779342723004
336,China - Singapore,Free Trade Agreement & Economic Integration Agreement,496.0,2008.0,2009-01-01,Bilateral,East Asia,Yes,No,en,CHN,SGP,117.0,130444.0,3585.0,0.0,156.0,702.0,0.0,4484.657,1.0,1.0,0.0,0.004,0.0,0.0,0.0,0.0,3.414,307003100.348,7.635,8.4,0.9,55.0,7.5,32325190.0,33711124.0,30089386.0,25964316.0,0.6666666666666666,0.1025641025641025,0.2307692307692308
337,Turkey - Jordan,Free Trade Agreement,502.0,2009.0,2011-03-01,Bilateral,Middle East; Europe,Yes,Yes,en,JOR,TUR,54.0,38358.0,1406.0,0.0,400.0,792.0,0.0,1187.504,0.0,0.0,0.0,0.923,1.0,1.0,0.0,0.0,4.027,1105889139.022,9.437,30.6,14.2,19.5,14.0,28705.211,20354.129,57162.957,42449.938,0.7962962962962963,0.0,0.2037037037037037
342,US - Colombia,Free Trade Agreement & Economic Integration Agreement,530.0,2006.0,2012-05-15,Bilateral,South America; North America,Yes,Yes,en,COL,USA,282.0,491960.0,8124.0,0.0,170.0,840.0,0.0,4021.171,0.0,1.0,0.0,0.294,0.0,0.0,0.0,1.0,3.713,13855888000.0,8.957,19.1,0.8,53.0,12.0,9680664.0,9826400.0,10196602.0,10034000.0,0.6063829787234043,0.2234042553191489,0.1702127659574468
343,"Korea, Republic of - Australia",Free Trade Agreement & Economic Integration Agreement,537.0,2014.0,2014-12-12,Bilateral,Oceania; East Asia,Yes,Yes,en,AUS,KOR,307.0,400807.0,7082.0,0.0,36.0,410.0,0.0,8329.652,0.0,1.0,0.0,0.04,0.0,0.0,0.0,0.0,62.215,1706688744.053,46.446000000000005,0.7,14.5,5.5,7.0,17862158.0,20413068.0,13369313.0,16437806.0,0.6254071661237784,0.2280130293159609,0.1465798045602606
344,Turkey - Chile,Free Trade Agreement,539.0,2009.0,2011-03-01,Bilateral,South America; Europe,Yes,Yes,en,CHL,TUR,68.0,60797.0,1945.0,0.0,152.0,792.0,0.0,13118.549,0.0,0.0,0.0,0.001,1.0,1.0,0.0,0.0,10.142,1105889139.022,16.267,6.9,14.2,49.0,14.0,211011.516,200386.906,298657.719,311709.438,0.8382352941176471,0.0,0.1617647058823529
345,India - Malaysia,Free Trade Agreement & Economic Integration Agreement,544.0,2011.0,2011-07-01,Bilateral,West Asia; East Asia,Yes,Yes,en,IND,MYS,188.0,210950.0,4688.0,0.0,356.0,458.0,0.0,3842.43,0.0,0.0,1.0,0.0579999999999999,1.0,1.0,0.0,1.0,1.54,624786298.314,4.636,42.0,16.4,44.0,14.5,3917172.5,3329999.25,3788168.5,3824369.75,0.7127659574468085,0.1117021276595744,0.175531914893617
346,Turkey - Albania,Free Trade Agreement,560.0,2006.0,2008-05-01,Bilateral,Europe,Yes,No,en,ALB,TUR,38.0,28028.0,1119.0,0.0,8.0,792.0,0.0,765.423,0.0,0.0,0.0,0.203,0.0,1.0,1.0,0.0,3.077,937107861.006,6.635,22.5,26.5,51.0,14.0,10336.388,12570.912,24210.195,23842.473,0.7368421052631579,0.0,0.2631578947368421
347,Pakistan - Sri Lanka,Free Trade Agreement,561.0,2002.0,2005-06-12,Bilateral,West Asia,Yes,No,en,LKA,PAK,19.0,13718.0,720.0,1.0,144.0,586.0,0.0,3057.006,0.0,0.0,1.0,0.07,1.0,1.0,0.0,1.0,0.904,419506884.674,4.631,,,,,28842.236,32125.084,36730.0,43253.16,0.9473684210526316,0.0,0.0526315789473684
348,India - Bhutan,Free Trade Agreement,562.0,2006.0,2006-07-29,Bilateral,West Asia,No,No,en,BTN,IND,13.0,9548.0,598.0,0.0,64.0,356.0,1.0,1236.124,0.0,0.0,0.0,0.006,1.0,1.0,0.0,0.0,1.349,3647022562.139,4.331,14.1,78.4,72.0,49.0,319432.406,128271.258,550186.812,181146.938,0.5384615384615384,0.0,0.4615384615384616
350,Iceland - Faroe Islands,Free Trade Agreement & Economic Integration Agreement,566.0,2005.0,2006-11-01,Bilateral,Europe,No,No,en,FRO,ISL,15.0,15683.0,734.0,0.0,234.0,352.0,0.0,799.567,0.0,0.0,0.0,0.964,0.0,0.0,0.0,1.0,35.212,10968632.156,,,2.8,,10.0,10835.356000000002,8332.854,15491.223999999998,15651.647,0.9333333333333332,0.0,0.0666666666666666
351,Brunei Darussalam - Japan,Free Trade Agreement & Economic Integration Agreement,567.0,2007.0,2008-07-31,Bilateral,East Asia,Yes,No,en,BRN,JPN,124.0,150683.0,3101.0,0.0,96.0,392.0,0.0,4260.378,0.0,0.0,0.0,0.0,0.0,0.0,0.0,0.0,32.109,4419763599.828,79.617,9.1,7.5,142.5,31.0,2573632.25,2503405.75,4566558.5,4559514.5,0.5887096774193549,0.1451612903225806,0.2661290322580645
352,Canada - Jordan,Free Trade Agreement,568.0,2009.0,2012-10-01,Bilateral,North America; Middle East,Yes,Yes,en,CAN,JOR,106.0,133462.0,3514.0,1.0,124.0,400.0,0.0,9360.481,0.0,1.0,0.0,0.0139999999999999,0.0,0.0,0.0,1.0,40.764,64368453.094,38.791,0.4,30.6,7.5,19.5,57892.934,49327.184,64038.273,75937.461,0.6886792452830188,0.0188679245283018,0.2924528301886792
353,Ukraine - Azerbaijan,Free Trade Agreement,570.0,1995.0,1996-09-02,Bilateral,Commonwealth of Independent States (CIS),No,No,en,AZE,UKR,16.0,10770.0,578.0,0.0,31.0,804.0,0.0,1873.832,0.0,0.0,1.0,0.0,1.0,1.0,0.0,1.0,0.397,190035087.671,2.42,,,,,33439.629,36783.594,21855.4,30800.0,0.875,0.0,0.125
354,Ukraine - Belarus,Free Trade Agreement,571.0,1992.0,2006-11-11,Bilateral,Commonwealth of Independent States (CIS),No,No,en,BLR,UKR,18.0,12199.0,636.0,0.0,112.0,804.0,1.0,433.528,0.0,0.0,1.0,0.0,1.0,0.0,0.0,1.0,1.666,306760473.612,5.083,,,,,588921.0,,256758.0,282433.781,0.7777777777777778,0.0,0.2222222222222222
355,Ukraine - Kazakhstan,Free Trade Agreement,572.0,1994.0,1998-10-19,Bilateral,Commonwealth of Independent States (CIS),Yes,No,en,KAZ,UKR,15.0,11100.0,584.0,1.0,398.0,804.0,0.0,3564.066,0.0,0.0,1.0,0.0,1.0,1.0,0.0,1.0,1.32,212018846.824,6.332000000000001,,,,,128000.0,144705.297,121500.0,133650.0,0.7333333333333333,0.0,0.2666666666666666
356,Ukraine - Former Yugoslav Republic of Macedonia,Free Trade Agreement,573.0,2001.0,2001-07-05,Bilateral,Europe; Commonwealth of Independent States (CIS),Yes,Yes,en,MKD,UKR,39.0,32660.0,1230.0,0.0,807.0,804.0,0.0,1165.076,0.0,0.0,0.0,0.0,1.0,1.0,0.0,0.0,1.664,208849946.048,6.042999999999999,,,,,781.7180000000001,1319.359,480.389,535.158,0.6923076923076923,0.0,0.3076923076923077
357,Ukraine - Moldova,Free Trade Agreement,574.0,2003.0,2005-05-19,Bilateral,Commonwealth of Independent States (CIS),Yes,No,en,MDA,UKR,34.0,18614.0,782.0,0.0,498.0,804.0,1.0,399.461,0.0,0.0,1.0,0.0,1.0,1.0,0.0,1.0,0.5479999999999999,248919316.07900003,2.393,24.5,25.6,54.0,55.0,56135.102,56868.488,64752.199,67273.211,0.8235294117647058,0.0,0.1764705882352941
358,Ukraine - Tajikistan,Free Trade Agreement,576.0,2001.0,2002-07-11,Bilateral,Commonwealth of Independent States (CIS),Yes,No,en,TJK,UKR,16.0,12159.0,644.0,0.0,762.0,804.0,0.0,3268.097,0.0,0.0,1.0,0.0,1.0,1.0,0.0,1.0,0.172,208849946.048,1.036,,,,,2800.001,1556.388,5899.999,2880.208,0.8125,0.0,0.1875
359,,,,,,,,,,,,,,,,,,,,,,,,,,,,,,,,,,,,,,,,0.8666666666666667,0.0,0.1333333333333333
360,Ukraine - Uzbekistan,Free Trade Agreement,578.0,1994.0,1996-01-01,Bilateral,Commonwealth of Independent States (CIS),No,No,en,UKR,UZB,17.0,12374.0,630.0,0.0,804.0,860.0,0.0,3128.88,0.0,0.0,1.0,0.0,1.0,1.0,0.0,1.0,1.012,36816735.48,4.083,,,,,68925.602,75818.156,137851.203,151636.312,0.8823529411764706,0.0,0.1176470588235294
362,,,,,,,,,,,,,,,,,,,,,,,,,,,,,,,,,,,,,,,,0.8421052631578947,0.0,0.1578947368421052
369,Canada - Panama,Free Trade Agreement & Economic Integration Agreement,608.0,2010.0,2013-04-01,Bilateral,North America; Central America,Yes,Yes,en,CAN,PAN,245.0,347560.0,6270.0,0.0,124.0,591.0,0.0,3862.1,0.0,0.0,0.0,0.412,0.0,0.0,0.0,0.0,47.465,55039719.438,40.027,0.4,10.2,7.5,15.0,126733.992,61744.312000000005,112963.703,84736.031,0.5836734693877551,0.236734693877551,0.1795918367346938
372,Japan - Philippines,Free Trade Agreement & Economic Integration Agreement,622.0,2006.0,2008-12-11,Bilateral,East Asia,Yes,No,en,JPN,PHL,167.0,179085.0,5099.0,0.0,392.0,608.0,0.0,2999.541,0.0,0.0,0.0,0.005,0.0,0.0,0.0,0.0,34.102,398228061.637,33.058,7.5,22.2,31.0,64.0,9006742.0,7003558.0,9479538.0,6841544.5,0.7485029940119761,0.0898203592814371,0.1616766467065868
374,Chile - India,Partial Scope Agreement,625.0,2006.0,2007-08-17,Bilateral,South America; West Asia,Yes,Yes,en,CHL,IND,25.0,13800.0,731.0,1.0,152.0,356.0,0.0,16936.537,0.0,0.0,0.0,0.011,0.0,0.0,0.0,0.0,9.371,3647022562.139,15.611,9.8,78.4,49.0,49.0,1661910.375,1547006.5,2324726.0,1861589.875,0.76,0.0,0.24
375,Turkey - Serbia,Free Trade Agreement,627.0,2009.0,2010-09-01,Bilateral,Europe,No,No,en,SRB,TUR,39.0,28701.0,1126.0,0.0,688.0,792.0,,807.451,0.0,0.0,0.0,,0.0,1.0,0.0,0.0,5.821000000000001,1105889139.022,11.842,7.1,14.2,20.0,14.0,45123.051,55896.656,87987.789,109523.852,0.7179487179487181,0.0,0.282051282051282
376,Switzerland - China,Free Trade Agreement & Economic Integration Agreement,635.0,2013.0,2014-07-01,Bilateral,East Asia; Europe,Yes,Yes,en,CHE,CHN,176.0,164172.0,6015.0,0.0,756.0,156.0,0.0,8084.264,0.0,0.0,0.0,0.0,0.0,1.0,0.0,0.0,84.815,16788029504.901,59.788,2.3,1.9,24.0,47.4,20880624.0,56124988.0,18312728.0,40616752.0,0.8238636363636364,0.0454545454545454,0.1306818181818181
377,Turkey - Georgia,Free Trade Agreement,636.0,2007.0,2008-11-01,Bilateral,Commonwealth of Independent States (CIS); Europe,Yes,Yes,en,GEO,TUR,38.0,25344.0,1015.0,1.0,268.0,792.0,1.0,1325.466,0.0,0.0,0.0,0.109,0.0,0.0,0.0,0.0,2.318,1032837455.482,5.8260000000000005,9.5,20.7,18.0,14.0,171763.875,289340.125,262910.219,525040.562,0.7631578947368421,0.0,0.2368421052631579
378,Mauritius - Pakistan,Partial Scope Agreement,638.0,2007.0,2007-11-30,Bilateral,Africa; West Asia,Yes,Yes,en,MUS,PAK,27.0,17598.0,757.0,0.0,480.0,586.0,0.0,6217.0380000000005,1.0,1.0,1.0,0.16,0.0,0.0,0.0,1.0,6.182,647800680.909,13.328,5.4,15.3,14.5,37.0,254.975,539.908,328.732,574.4730000000001,0.8888888888888888,0.0,0.1111111111111111
379,Rep. of Korea - New Zealand,Free Trade Agreement & Economic Integration Agreement,643.0,2015.0,2015-12-20,Bilateral,East Asia; Oceania,Yes,Yes,en,KOR,NZL,254.0,338558.0,6268.0,0.0,410.0,554.0,0.0,10293.837,0.0,1.0,0.0,0.054,0.0,0.0,0.0,0.0,27.105,174401849.904,34.422,14.5,0.3,7.0,1.5,1262746.25,1355960.25,1319997.75,1527672.625,0.6456692913385826,0.1496062992125984,0.2047244094488189
380,"Peru - Korea, Republic of",Free Trade Agreement & Economic Integration Agreement,645.0,2011.0,2011-08-01,Bilateral,East Asia; South America,Yes,Yes,en,KOR,PER,309.0,363628.0,6674.0,1.0,410.0,604.0,0.0,16329.765,0.0,0.0,0.0,0.04,0.0,0.0,0.0,0.0,24.156,310964900.335,31.229,14.6,11.1,12.0,32.0,1368956.25,1580472.125,1472617.25,1747269.625,0.627831715210356,0.1941747572815534,0.1779935275080906
384,China - New Zealand,Free Trade Agreement & Economic Integration Agreement,664.0,2008.0,2008-10-01,Bilateral,East Asia; Oceania,Yes,Yes,en,CHN,NZL,216.0,211426.0,4498.0,0.0,156.0,554.0,0.0,11041.027,0.0,0.0,0.0,0.0,0.0,0.0,0.0,0.0,3.414,127199205.21,7.635,8.4,0.4,55.0,1.5,2504386.0,4530518.0,2086082.0,3868432.25,0.6944444444444444,0.0925925925925926,0.2129629629629629
385,Peru - China,Free Trade Agreement & Economic Integration Agreement,666.0,2009.0,2010-03-01,Bilateral,East Asia; South America,Yes,Yes,en,CHN,PER,203.0,210528.0,4555.0,0.0,156.0,604.0,0.0,16666.291,0.0,0.0,0.0,0.0,0.0,0.0,0.0,0.0,3.749,261313018.211,8.374,4.9,16.2,52.0,49.5,2099275.0,3456972.5,3552672.5,5423699.0,0.6945812807881774,0.0886699507389162,0.2167487684729064
386,Nicaragua - Chinese Taipei,Free Trade Agreement & Economic Integration Agreement,671.0,2006.0,2008-01-01,Bilateral,East Asia; Central America,Yes,Yes,en,NIC,TWN,277.0,346868.0,6500.0,0.0,558.0,158.0,0.0,14910.504,0.0,0.0,0.0,0.016,0.0,0.0,0.0,0.0,1.228,,3.547,123.6,,48.0,,5381.653,,10215.142,,0.6534296028880866,0.187725631768953,0.1588447653429603
387,Canada - Peru,Free Trade Agreement & Economic Integration Agreement,672.0,2008.0,2009-08-01,Bilateral,North America; South America,Yes,Yes,en,CAN,PER,283.0,381030.0,6628.0,1.0,124.0,604.0,0.0,6209.441,0.0,0.0,0.0,0.451,0.0,0.0,0.0,0.0,46.399,256532331.728,40.278,0.4,24.4,7.5,76.5,362270.469,416831.031,373359.156,434627.938,0.6254416961130742,0.215547703180212,0.1590106007067137
389,China - Costa Rica,Free Trade Agreement & Economic Integration Agreement,677.0,2010.0,2011-08-01,Bilateral,East Asia; Central America,Yes,Yes,en,CHN,CRI,170.0,179028.0,4186.0,0.0,156.0,188.0,0.0,14090.979,0.0,0.0,0.0,0.0,0.0,0.0,0.0,0.0,4.433,57893323.06600001,9.333,4.5,10.1,52.0,85.5,687315.938,989114.812,884015.5,1297881.375,0.6941176470588235,0.0529411764705882,0.2529411764705882
390,Costa Rica - Singapore,Free Trade Agreement & Economic Integration Agreement,678.0,2010.0,2013-07-01,Bilateral,Central America; East Asia,Yes,Yes,en,CRI,SGP,206.0,234735.0,5209.0,0.0,188.0,702.0,0.0,18503.559,0.0,0.0,0.0,0.044,0.0,0.0,0.0,0.0,7.773,358654973.137,12.737,10.1,0.7,85.5,5.5,43860.676,555479.062,39419.023,654529.188,0.6213592233009708,0.1601941747572815,0.2184466019417476
393,Chile - Viet Nam,Free Trade Agreement,685.0,2011.0,2014-01-01,Bilateral,South America; East Asia,Yes,Yes,en,CHL,VNM,115.0,103431.0,2906.0,0.0,152.0,704.0,0.0,18603.055,0.0,0.0,0.0,0.032,0.0,1.0,0.0,0.0,14.511,414339189.417,20.438,5.1,10.7,14.5,45.0,334981.875,335730.031,370969.375,370073.438,0.7391304347826086,0.008695652173913,0.2521739130434782
396,Canada - Ukraine,Free Trade Agreement,694.0,2016.0,2017-08-01,Bilateral,North America; Commonwealth of Independent States (CIS),Yes,Yes,en,CAN,UKR,216.0,251019.0,4855.0,0.0,124.0,804.0,0.0,7564.316,0.0,0.0,0.0,0.0,0.0,0.0,0.0,0.0,42.158,352977531.138,44.025,0.4,0.5,3.5,9.0,199028.359,217294.297,207486.219,253283.469,0.7407407407407407,0.074074074074074,0.1851851851851852
397,"Korea, Republic of -  Colombia",Free Trade Agreement & Economic Integration Agreement,695.0,2013.0,2016-07-15,Bilateral,South America; East Asia,Yes,Yes,en,COL,KOR,276.0,361334.0,6987.0,0.0,170.0,410.0,0.0,14817.3,0.0,0.0,0.0,0.039,0.0,0.0,0.0,0.0,7.831,1644777306.032,12.725,7.5,14.6,19.0,7.0,229995.25,206586.203,519683.0,607608.25,0.6413043478260869,0.1775362318840579,0.181159420289855
398,China - Rep. of Korea,Free Trade Agreement & Economic Integration Agreement,697.0,2015.0,2015-12-20,Bilateral,East Asia,Yes,No,en,CHN,KOR,307.0,318986.0,6309.0,0.0,156.0,410.0,0.0,955.651,0.0,0.0,0.0,0.0,0.0,1.0,0.0,0.0,8.068999999999999,1756015056.4929998,14.448,0.7,14.5,42.4,7.0,101428832.0,90250272.0,95815600.0,86971680.0,0.7198697068403909,0.1400651465798045,0.1400651465798045
399,"Korea, Republic of - Turkey",Free Trade Agreement,699.0,2012.0,2013-05-01,Bilateral,East Asia; Europe,Yes,Yes,en,KOR,TUR,64.0,69254.0,2143.0,0.0,410.0,792.0,0.0,7967.701,0.0,0.0,0.0,0.0,0.0,0.0,0.0,0.0,24.454,1539111515.7429998,32.097,14.6,10.5,7.0,14.0,4551618.5,5660093.0,5657826.5,6088317.5,1.0,0.0,0.0
400,Turkey - Montenegro,Free Trade Agreement,708.0,2008.0,2010-03-01,Bilateral,Europe,Yes,No,en,MNE,TUR,38.0,29586.0,1384.0,0.0,499.0,792.0,,807.451,0.0,0.0,0.0,,0.0,1.0,0.0,0.0,7.336,1130486451.657,13.738,4.6,14.9,34.0,14.0,444.75,1338.5929999999998,1936.958,5845.468000000001,0.7368421052631579,0.0,0.2631578947368421
401,Rep. of Korea - Viet Nam,Free Trade Agreement & Economic Integration Agreement,709.0,2015.0,2015-12-20,Bilateral,East Asia,Yes,No,en,KOR,VNM,199.0,247035.0,5271.0,0.0,410.0,704.0,0.0,2740.135,0.0,0.0,0.0,0.002,0.0,0.0,0.0,0.0,27.105,553421892.998,34.422,14.5,4.9,7.0,29.0,27770750.0,27578526.0,32704196.0,32193122.0,0.6783919597989949,0.1055276381909547,0.2160804020100502
404,"Korea, Republic of - India",Free Trade Agreement & Economic Integration Agreement,715.0,2009.0,2010-01-01,Bilateral,West Asia; East Asia,Yes,Yes,en,IND,KOR,199.0,235127.0,5255.0,1.0,356.0,410.0,0.0,4692.6720000000005,0.0,1.0,0.0,0.002,0.0,0.0,0.0,0.0,1.147,1396413622.349,3.92,66.1,14.7,47.0,22.0,3732140.25,4141622.0,3641057.5,5674456.0,0.6030150753768844,0.1708542713567839,0.2261306532663317
408,"Hong Kong, China - Chile",Free Trade Agreement & Economic Integration Agreement,746.0,2012.0,2014-10-09,Bilateral,South America; East Asia,Yes,Yes,en,CHL,HKG,172.0,173884.0,4064.0,0.0,152.0,344.0,0.0,18697.316000000003,0.0,0.0,0.0,0.066,0.0,0.0,0.0,0.0,15.245,366845370.111,21.62,4.5,1.9,12.5,5.5,232427.5,452036.438,174619.297,460883.875,0.6337209302325582,0.1569767441860465,0.2093023255813953
412,Japan - Peru,Free Trade Agreement & Economic Integration Agreement,760.0,2011.0,2012-03-01,Bilateral,East Asia; South America,Yes,Yes,en,JPN,PER,227.0,231740.0,6440.0,0.0,392.0,604.0,0.0,15505.615,0.0,0.0,0.0,0.006,0.0,0.0,0.0,0.0,46.20399999999999,310964900.335,35.775,7.5,11.1,20.0,32.0,916984.5,1387836.5,1037885.438,1593331.75,0.6343612334801763,0.1497797356828193,0.2158590308370044
418,Turkey - Mauritius,Free Trade Agreement,806.0,2011.0,2013-06-01,Bilateral,Africa; Europe,Yes,Yes,en,MUS,TUR,38.0,33838.0,1266.0,0.0,480.0,792.0,0.0,7422.923000000001,0.0,0.0,0.0,0.163,1.0,1.0,0.0,0.0,8.75,1443295182.244,16.562,3.6,11.2,12.5,14.0,4487.847,7014.703,5280.5,6167.35,0.6578947368421053,0.0,0.3421052631578947
419,Turkey - Malaysia,Free Trade Agreement,823.0,2014.0,2015-08-01,Bilateral,East Asia; Europe,Yes,Yes,en,MYS,TUR,166.0,154714.0,3713.0,0.0,458.0,792.0,0.0,8344.665,0.0,0.0,0.0,0.49,0.0,0.0,0.0,0.0,11.184,1780288818.2589998,25.488000000000003,7.2,16.4,13.5,15.5,752390.5,1160992.625,954078.938,1339167.625,0.7289156626506024,0.0,0.2710843373493976
420,Russian Federation - Belarus,Free Trade Agreement,828.0,1992.0,1993-04-20,Bilateral,Commonwealth of Independent States (CIS),No,No,en,BLR,RUS,22.0,13298.0,703.0,0.0,112.0,643.0,1.0,686.966,0.0,1.0,0.0,0.002,1.0,0.0,0.0,0.0,1.666,1019127116.401,5.083,,,,,1419954.0,,790424.0,,0.7272727272727273,0.0,0.2727272727272727
421,Russian Federation - Republic of Moldova,Free Trade Agreement,829.0,1993.0,1993-03-30,Bilateral,Commonwealth of Independent States (CIS),Yes,No,en,MDA,RUS,23.0,13537.0,688.0,0.0,498.0,643.0,0.0,1150.314,0.0,0.0,0.0,0.0,1.0,1.0,0.0,0.0,0.64,952929448.559,,,,,,172100.0,,289200.0,474900.0,0.7391304347826086,0.0,0.2608695652173913
422,Russian Federation - Azerbaijan,Free Trade Agreement,830.0,1992.0,1993-02-17,Bilateral,Commonwealth of Independent States (CIS),No,No,en,AZE,RUS,23.0,13017.0,696.0,0.0,31.0,643.0,1.0,1930.747,0.0,0.0,0.0,0.106,1.0,1.0,0.0,0.0,0.6759999999999999,1019127116.401,4.334,,,,,374949.781,,218165.406,,0.7391304347826086,0.0,0.2608695652173913
423,,,,,,,,,,,,,,,,,,,,,,,,,,,,,,,,,,,,,,,,0.8,0.0,0.2
424,,,,,,,,,,,,,,,,,,,,,,,,,,,,,,,,,,,,,,,,0.7619047619047619,0.0,0.2380952380952381
425,Japan - Mongolia,Free Trade Agreement & Economic Integration Agreement,835.0,2015.0,2016-06-07,Bilateral,East Asia,Yes,No,en,JPN,MNG,203.0,202761.0,5668.0,0.0,392.0,496.0,0.0,3018.842,0.0,0.0,0.0,0.0,0.0,1.0,0.0,0.0,34.474000000000004,36162929.57,40.686,7.5,1.5,19.2,11.0,251765.859,274638.25,278061.188,330608.375,0.7093596059113301,0.0985221674876847,0.1921182266009852
430,,,,,,,,,,,,,,,,,,,,,,,,,,,,,,,,,,,,,,,,0.7826086956521741,0.0,0.217391304347826
431,,,,,,,,,,,,,,,,,,,,,,,,,,,,,,,,,,,,,,,,0.75,0.0,0.25
432,,,,,,,,,,,,,,,,,,,,,,,,,,,,,,,,,,,,,,,,0.8095238095238095,0.0,0.1904761904761904
434,Ukraine - Montenegro,Free Trade Agreement & Economic Integration Agreement,868.0,2011.0,2013-01-01,Bilateral,Europe; Commonwealth of Independent States (CIS),Yes,Yes,en,MNE,UKR,62.0,47560.0,1583.0,0.0,499.0,804.0,,972.643,0.0,0.0,0.0,,0.0,1.0,0.0,0.0,7.252999999999999,378531847.053,14.472,2.0,4.4,16.0,33.0,262.97900000000004,1086.332,2199.6710000000003,2982.191,0.7741935483870968,0.0806451612903225,0.1451612903225806
435,India - Thailand,Partial Scope Agreement,873.0,2003.0,2004-09-01,Bilateral,West Asia; East Asia,Yes,Yes,en,IND,THA,16.0,15538.0,818.0,0.0,356.0,764.0,0.0,2919.706,0.0,0.0,0.0,0.005,1.0,1.0,0.0,0.0,0.565,571666033.6930001,2.336,53.4,18.8,136.0,43.0,801561.438,878944.188,849971.938,1140103.25,0.8125,0.0625,0.125
436,New Zealand - Chinese Taipei,Free Trade Agreement & Economic Integration Agreement,874.0,2013.0,2013-12-01,Bilateral,East Asia; Oceania,Yes,Yes,en,NZL,TWN,257.0,264600.0,4988.0,0.0,554.0,158.0,0.0,9429.752,0.0,0.0,0.0,0.0139999999999999,0.0,0.0,0.0,0.0,41.556,,36.169,0.3,,1.5,,725144.5,,845518.625,,0.7081712062256809,0.1400778210116731,0.1517509727626459
439,Singapore - Chinese Taipei,Free Trade Agreement & Economic Integration Agreement,890.0,2013.0,2014-04-19,Bilateral,East Asia,Yes,No,en,SGP,TWN,156.0,178036.0,4224.0,0.0,702.0,158.0,0.0,3259.671,1.0,1.0,0.0,0.002,0.0,0.0,0.0,0.0,55.182,,81.288,0.6,,5.5,,15341843.0,,16150307.0,,0.6346153846153846,0.1346153846153846,0.2307692307692308
442,Canada - Honduras,Free Trade Agreement & Economic Integration Agreement,911.0,2013.0,2014-10-01,Bilateral,North America; Central America,Yes,Yes,en,CAN,HND,244.0,445853.0,7398.0,0.0,124.0,340.0,0.0,3374.8390000000004,0.0,0.0,0.0,0.4539999999999999,0.0,0.0,0.0,0.0,51.958,37429721.1,44.098,0.4,43.9,7.5,26.0,42447.887,35862.437999999995,40459.652,38955.379,0.5819672131147541,0.2459016393442623,0.1721311475409836
445,"Turkey - Moldova, Republic of",Free Trade Agreement,931.0,2014.0,2016-11-01,Bilateral,Commonwealth of Independent States (CIS); Europe,Yes,Yes,en,MDA,TUR,37.0,25873.0,1068.0,0.0,498.0,792.0,0.0,664.1510000000001,0.0,0.0,0.0,0.0,0.0,1.0,0.0,0.0,2.245,1780288818.2589998,5.017,4.6,16.4,13.0,15.5,104668.602,246928.125,64421.266,216926.094,0.6486486486486487,0.027027027027027,0.3243243243243243
