Identifier,Name,Type,WTO ID,Date signed,Date into force,Composition,Region,All WTO,Cross Regional,Language,Party 1,Party 2,Total articles,Total words,Number of unique words,Niceness,iso3num_o,iso3num_d,contig,dist,comlang_off,comlang_ethno,comcol,comrelig,comleg_pretrans,comleg_posttrans,col_dep_ever,sibling_ever,gdp_o,gdp_d,gdpcap_o,gdp_ppp_d,gdpcap_ppp_o,entry_cost_o,entry_cost_d,entry_tp_o,entry_tp_d,tradeflow_imf_o,tradeflow_imf_d,tradeflow_imf_o_next,tradeflow_imf_d_next,gdp_o_next,gdp_d_next,Class 0,Class 1,Class 2,tradeflow_change,gdp_change_o,gdp_change_d
1,Japan - Thailand,Free Trade Agreement & Economic Integration Agreement,1,2007,2007-11-01,Bilateral,East Asia,Yes,No,en,JPN,THA,175,187922,3635,0,392.0,764.0,0.0,4612.997,0.0,0.0,0.0,0.0,0.0,0.0,0.0,0.0,4356346740.736,246976872.448,34.095,786274106.4530001,34.529,7.5,16.2,31.0,43.0,25609960.0,28654758.0,29494926.0,33535246.0,4849184800.768,272577806.336,0.72,0.0971428571428571,0.1828571428571428,15.169746458018677,11.313104519975266,10.365721143946457
2,Egypt - Turkey,Free Trade Agreement,2,2005,2007-03-01,Bilateral,Africa; Europe,Yes,Yes,en,EGY,TUR,40,25708,1057,0,818.0,792.0,0.0,1239.919,0.0,0.0,0.0,0.8109999999999999,1.0,1.0,0.0,0.0,89685721.088,482979840.0,1.249,807227201.653,7.124,104.9,27.4,32.5,14.0,332142.594,266817.844,358340.031,392501.312,107484037.12,530900090.88,0.725,0.0,0.275,7.887406635958301,19.845205921393244,9.921791120722554
3,Chile - Japan,Free Trade Agreement & Economic Integration Agreement,3,2007,2007-09-03,Bilateral,South America; East Asia,Yes,Yes,en,CHL,JPN,201,202122,4989,0,152.0,392.0,0.0,17247.377,0.0,0.0,0.0,0.005,0.0,0.0,0.0,0.0,173006274.56,4356346740.736,10.379,4419763599.828,16.863,8.6,7.5,49.0,31.0,7515283.0,7854704.5,6339412.5,7914627.5,179857801.216,4849184800.768,0.6318407960199005,0.1741293532338308,0.1940298507462686,-15.64639016255276,3.9602763965787973,11.313104519975266
7,Chile - China,Free Trade Agreement & Economic Integration Agreement,8,2005,2006-10-01,Bilateral,South America; East Asia,Yes,Yes,en,CHL,CHN,123,116215,3229,0,152.0,156.0,0.0,19079.875,0.0,0.0,0.0,0.0,0.0,0.0,0.0,0.0,124404146.176,2256902553.6,7.615,6639272569.969,12.775,10.3,13.6,51.0,61.0,4895430.0,4942665.0,5254939.5,5688896.0,154671005.696,2712950800.384,0.7235772357723578,0.0,0.2764227642276423,7.3437777682450776,24.329462039938893,20.206820452064022
9,India - Singapore,Free Trade Agreement & Economic Integration Agreement,10,2005,2005-08-01,Bilateral,West Asia; East Asia,Yes,Yes,en,IND,SGP,167,201550,4348,0,356.0,702.0,0.0,4154.034000000001,1.0,1.0,1.0,0.021,1.0,1.0,0.0,1.0,834215018.496,127417876.48,0.74,235354561.151,2.83,62.0,0.9,106.0,12.0,5069119.0,4079201.25,5908020.0,4883704.0,949116796.928,147794116.60799998,0.6826347305389222,0.1437125748502994,0.1736526946107784,16.5492465258756,13.773640594382426,15.991665134364649
10,Panama - Singapore,Free Trade Agreement & Economic Integration Agreement,11,2006,2006-07-24,Bilateral,Central America; East Asia,Yes,Yes,en,PAN,SGP,199,238554,4849,0,591.0,702.0,0.0,18835.832,0.0,0.0,0.0,0.049,0.0,0.0,0.0,0.0,17137000.448,147794116.60799998,4.998,264078812.405,11.629,13.9,0.8,24.0,12.0,80.7,2400.093,80.064,5013.038,21121900.544,179981090.81599998,0.5326633165829145,0.2864321608040201,0.1809045226130653,-0.788104089219343,23.25319479387109,21.778251358523796
12,Turkey - Syria,Free Trade Agreement,13,2004,2007-01-01,Bilateral,Middle East; Europe,No,Yes,en,SYR,TUR,51,39683,1510,1,760.0,792.0,1.0,1061.54,0.0,0.0,0.0,0.889,1.0,1.0,1.0,0.0,25086930.944,392166277.12,1.419,728256984.735,,34.2,26.0,55.5,14.0,3037564.75,357656.438,290006.344,272179.75,28858966.016,482979840.0,0.7843137254901961,0.0,0.2156862745098039,-90.45266956037727,15.035857038152976,23.156902614604906
17,US - Bahrain,Free Trade Agreement & Economic Integration Agreement,19,2005,2006-08-01,Bilateral,Middle East; North America,Yes,Yes,en,BHR,USA,195,313241,6008,0,48.0,840.0,0.0,10643.577,0.0,0.0,0.0,0.0139999999999999,1.0,1.0,0.0,1.0,15969150.976,13093699584.0,18.156,13093726000.0,38.931,,0.8,,12.0,262273.625,454800.0,218575.531,653800.0,18505545.728,13855900041.216002,0.5538461538461539,0.2666666666666666,0.1794871794871795,-16.661261306774563,15.883090815610313,5.821123757470207
20,Japan - Malaysia,Free Trade Agreement & Economic Integration Agreement,22,2005,2006-07-13,Bilateral,East Asia,Yes,No,en,JPN,MYS,161,183330,4422,0,392.0,458.0,0.0,5329.095,0.0,0.0,0.0,0.0,0.0,0.0,0.0,0.0,4571866857.472,143533146.11200002,35.781,424426739.263,31.663,10.7,26.6,42.0,47.5,12624410.0,16634214.0,13211408.0,17337930.0,4356749656.064,162691923.968,0.6832298136645962,0.1118012422360248,0.2049689440993788,4.64970640212097,-4.705237665800014,13.347981546401995
21,Jordan - Singapore,Free Trade Agreement & Economic Integration Agreement,23,2004,2005-08-22,Bilateral,Middle East; East Asia,Yes,Yes,en,JOR,SGP,73,74714,2511,0,400.0,702.0,0.0,7867.104,0.0,1.0,1.0,0.163,0.0,0.0,0.0,1.0,11407566.848,114186641.408,2.156,212130952.952,7.245,102.1,1.0,36.5,15.0,2068.689,15665.514,1907.335,2722.23,12588665.856,127417876.48,0.589041095890411,0.1095890410958904,0.3013698630136986,-7.7998191124910425,10.353645292966872,11.587375641186874
24,"Korea, Republic of - Singapore",Free Trade Agreement & Economic Integration Agreement,28,2005,2006-03-02,Bilateral,East Asia,Yes,No,en,KOR,SGP,215,258014,5322,0,410.0,702.0,0.0,4676.683,0.0,1.0,0.0,0.005,0.0,0.0,0.0,0.0,898134310.912,127417876.48,18.657,235354561.151,24.196,15.7,0.9,27.0,12.0,7406634.0,8598548.0,9489300.0,10477467.0,1011797983.232,147794116.60799998,0.6232558139534884,0.1953488372093023,0.1813953488372093,28.118926897157333,12.655531688192784,15.991665134364649
25,Turkey - Morocco,Free Trade Agreement,29,2004,2006-01-01,Bilateral,Africa; Europe,Yes,Yes,en,MAR,TUR,39,28500,1146,0,504.0,792.0,0.0,3230.062,0.0,0.0,0.0,0.986,1.0,1.0,0.0,0.0,56948015.104,392166277.12,1.907,728256984.735,4.531000000000001,13.7,26.0,18.0,14.0,64285.059,105778.109,89322.242,143230.5,59523858.432,482979840.0,0.7948717948717948,0.0,0.2051282051282051,38.947126112149945,4.523148565048175,23.156902614604906
26,US - Morocco,Free Trade Agreement & Economic Integration Agreement,30,2004,2006-01-01,Bilateral,Africa; North America,Yes,Yes,en,MAR,USA,229,382355,7140,0,504.0,840.0,0.0,5840.309,0.0,0.0,0.0,0.009,0.0,0.0,0.0,1.0,56948015.104,12274900140.032,1.907,12274928000.0,4.531000000000001,13.7,0.7,18.0,12.0,385573.594,553000.0,279720.469,474400.0,59523858.432,13093699584.0,0.5633187772925764,0.2663755458515284,0.1703056768558952,-27.45341658433176,4.523148565048175,6.670518168189887
27,Thailand - New Zealand,Free Trade Agreement & Economic Integration Agreement,31,2005,2005-07-01,Bilateral,Oceania; East Asia,Yes,Yes,en,NZL,THA,152,146682,3539,0,554.0,764.0,0.0,9872.658,0.0,0.0,0.0,0.002,1.0,1.0,0.0,0.0,113791467.52,176351952.896,27.526,671403300.382,25.677,0.2,17.3,14.0,43.0,238355.25,252824.766,284055.969,325980.438,110205485.056,207088828.416,0.7302631578947368,0.0986842105263158,0.1710526315789473,19.173363708162494,-3.1513632279764114,17.429279923044835
31,Turkey - Tunisia,Free Trade Agreement,35,2004,2005-07-01,Bilateral,Africa; Europe,Yes,Yes,en,TUN,TUR,54,34565,1336,0,788.0,792.0,0.0,1684.108,0.0,0.0,0.0,0.986,1.0,1.0,0.0,0.0,31183138.816,392166277.12,3.14,728256984.735,7.4,11.1,26.0,20.0,14.0,86210.727,100142.125,106642.992,117372.414,32282959.872,482979840.0,0.7962962962962963,0.0,0.2037037037037037,23.70037431652792,3.526973543265266,23.156902614604906
34,Japan - Mexico,Free Trade Agreement & Economic Integration Agreement,38,2004,2005-04-01,Bilateral,East Asia; North America,Yes,Yes,en,JPN,MEX,179,210287,5790,0,392.0,484.0,0.0,11312.393999999998,0.0,0.0,0.0,0.006,0.0,0.0,0.0,0.0,4655803269.12,770267611.136,36.442,1212330478.19,30.383000000000003,10.6,28.5,42.0,40.5,5190436.5,11218401.0,6881408.5,13862447.0,4571866857.472,866346467.3280001,0.7262569832402235,0.106145251396648,0.1675977653631284,32.57860875477429,-1.8028341576353741,12.473438426198625
36,Thailand - Australia,Free Trade Agreement & Economic Integration Agreement,40,2004,2005-01-01,Bilateral,Oceania; East Asia,Yes,Yes,en,AUS,THA,164,166403,3804,0,36.0,764.0,0.0,7539.52,0.0,0.0,0.0,0.002,1.0,1.0,0.0,0.0,612871700.48,161339785.216,30.45,624327609.195,31.345,2.1,18.4,6.0,43.0,2233662.5,2209618.25,3144187.75,3254857.0,693338570.752,176351952.896,0.6585365853658537,0.1585365853658536,0.1829268292682926,40.76377921910763,13.12948047837393,9.304690507615264
37,US - Australia,Free Trade Agreement & Economic Integration Agreement,41,2004,2005-01-01,Bilateral,Oceania; North America,Yes,Yes,en,AUS,USA,248,395335,6989,0,36.0,840.0,0.0,16008.793,1.0,1.0,0.0,0.191,1.0,1.0,0.0,1.0,612871700.48,12274900140.032,30.45,12274928000.0,31.345,2.1,0.7,6.0,12.0,6994965.5,7915500.0,7052630.5,7677300.0,693338570.752,13093699584.0,0.5241935483870968,0.2983870967741936,0.1774193548387097,0.8243786191654555,13.12948047837393,6.670518168189887
42,Armenia - Turkmenistan,Free Trade Agreement,47,1995,1996-07-07,Bilateral,Commonwealth of Independent States (CIS),No,No,en,ARM,TKM,19,11144,626,0,51.0,795.0,0.0,1223.83,0.0,0.0,1.0,0.0,1.0,1.0,0.0,1.0,1468317.312,2482228.48,0.456,14115437.09,1.585,,,,,68687.508,62478.0,17509.699,23112.0,1596968.96,2379281.664,0.8421052631578947,0.0,0.1578947368421052,-74.50817548949367,8.761842344878657,-4.147354557788335
44,Armenia - Moldova,Free Trade Agreement,49,1993,1995-12-21,Bilateral,Commonwealth of Independent States (CIS),Yes,No,en,ARM,MDA,21,11986,646,0,51.0,498.0,0.0,1469.285,0.0,0.0,1.0,0.0,1.0,1.0,0.0,1.0,1201313.152,2371812.864,0.357,,1.29,,,,,103.3,300.0,12.4,100.0,1315158.656,1702314.368,0.8571428571428571,0.0,0.1428571428571428,-87.99612778315586,9.476754983533215,-28.227290026199977
45,Armenia - Kazakhstan,Free Trade Agreement,50,1999,2001-12-25,Bilateral,Commonwealth of Independent States (CIS),Yes,No,en,ARM,KAZ,20,12755,705,0,51.0,398.0,0.0,2700.251,0.0,0.0,1.0,0.0,1.0,1.0,0.0,1.0,1845482.24,16870816.768,0.597,104543183.933,2.127,,,,,518.9,300.0,1268.8,1185.2,1911563.648,18291990.528,0.8,0.0,0.2,144.51724802466757,3.580712215361122,8.423858664007522
46,Armenia - Ukraine,Free Trade Agreement,51,1994,1996-12-18,Bilateral,Commonwealth of Independent States (CIS),Yes,No,en,ARM,UKR,15,8903,547,0,51.0,804.0,0.0,1575.5870000000002,0.0,0.0,1.0,0.0,1.0,1.0,0.0,1.0,1315158.656,52549554.17600001,0.4,212018846.824,1.423,,,,,3723.1,1255.9,4490.6,4939.66,1468317.312,48213868.544,0.8,0.0,0.2,20.614541645403037,11.6456410259904,-8.250661114038842
47,"Korea, Republic of - Chile",Free Trade Agreement & Economic Integration Agreement,53,2003,2004-04-01,Bilateral,South America; East Asia,Yes,Yes,en,CHL,KOR,217,239566,4900,1,152.0,410.0,0.0,18375.182,0.0,0.0,0.0,0.034,0.0,0.0,0.0,0.0,77840187.392,680520777.728,4.8660000000000005,1023674453.257,10.771,12.1,18.4,51.0,27.0,1079792.75,1057629.0,1868555.625,1933548.0,100630708.224,764880617.472,0.6589861751152074,0.1705069124423963,0.1705069124423963,73.04761723951194,29.2786047870464,12.396365034679082
50,"China - Macao, China",Free Trade Agreement & Economic Integration Agreement,56,2003,2003-10-17,Bilateral,East Asia,Yes,No,en,CHN,MAC,25,11017,632,0,156.0,446.0,1.0,1982.745,1.0,1.0,0.0,0.0,0.0,0.0,0.0,0.0,1640958787.584,7926373.376,1.274,18988793.33,3.961,17.8,,61.0,,1281701.0,1180522.625,1613231.875,1544671.0,1931644370.944,10258324.48,0.84,0.08,0.08,25.86647548843295,17.714374398639173,29.420152109675236
51,"China - Hong Kong, China",Free Trade Agreement & Economic Integration Agreement,57,2003,2003-06-29,Bilateral,East Asia,Yes,No,en,CHN,HKG,23,18815,891,0,156.0,344.0,1.0,1976.249,1.0,1.0,0.0,0.0,0.0,0.0,,,1640958787.584,161384529.92,1.274,200529717.208,3.961,17.8,2.4,61.0,16.0,76323592.0,101260280.0,101126464.0,118050552.0,1931644370.944,169099771.90399998,0.8260869565217391,0.0869565217391304,0.0869565217391304,32.49699254196527,17.714374398639173,4.7806577172077915
52,US - Singapore,Free Trade Agreement & Economic Integration Agreement,58,2003,2004-01-01,Bilateral,East Asia; North America,Yes,Yes,en,SGP,USA,222,376627,6918,0,702.0,840.0,0.0,15350.503,1.0,1.0,0.0,0.027,1.0,1.0,0.0,1.0,97002307.584,11510700048.384,23.574,11510670000.0,45.8,1.0,0.7,15.0,12.0,20570000.0,15489599.0,23282212.0,15594600.0,114186641.408,12274900140.032,0.5900900900900901,0.2342342342342342,0.1756756756756756,13.185279533300923,17.715386625332677,6.639040965673375
53,US - Chile,Free Trade Agreement & Economic Integration Agreement,59,2003,2004-01-01,Bilateral,South America; North America,Yes,Yes,en,CHL,USA,162,242818,4903,0,152.0,840.0,0.0,8271.045,0.0,1.0,0.0,0.255,0.0,0.0,0.0,1.0,77840187.392,11510700048.384,4.8660000000000005,11510670000.0,10.771,12.1,0.7,51.0,12.0,3798900.25,4323100.0,5019530.0,5421500.0,100630708.224,12274900140.032,0.4444444444444444,0.3024691358024691,0.2530864197530864,32.13113453031571,29.2786047870464,6.639040965673375
54,Singapore - Australia,Free Trade Agreement & Economic Integration Agreement,60,2003,2003-07-28,Bilateral,Oceania; East Asia,Yes,Yes,en,AUS,SGP,198,197947,4243,0,36.0,702.0,0.0,6301.786,1.0,1.0,0.0,0.02,1.0,1.0,0.0,1.0,466451365.888,97002307.584,23.445,188457869.778,29.724,2.0,1.0,6.0,15.0,2232951.5,2184736.75,2368651.0,2299530.25,612871700.48,114186641.408,0.6464646464646465,0.2121212121212121,0.1414141414141414,6.077136023778394,31.390268160809097,17.715386625332677
55,Turkey - Bosnia and Herzegovina,Free Trade Agreement,61,2002,2003-07-01,Bilateral,Europe,No,No,en,BIH,TUR,37,30203,1120,0,70.0,792.0,0.0,918.63,0.0,0.0,0.0,0.397,0.0,0.0,1.0,0.0,6651226.112000001,232534556.672,1.707,607794104.365,5.114,,,,,13813.907,6317.459,5809.946,8342.735999999999,8370020.352000001,303005302.78400004,0.7567567567567568,0.0,0.2432432432432433,-57.94132680927996,25.841765278419693,30.305493996491055
56,Turkey - Croatia,Free Trade Agreement,62,2002,2003-07-01,Bilateral,Europe,Yes,No,en,HRV,TUR,39,24424,989,0,191.0,792.0,0.0,1174.147,0.0,0.0,0.0,0.013,0.0,0.0,0.0,0.0,26878498.816,232534556.672,6.053999999999999,607794104.365,12.284,,,,,9590.139,9387.634,21326.881,16697.033,34658111.488000005,303005302.78400004,0.6923076923076923,0.0,0.3076923076923077,122.3834399063455,28.943627861274102,30.305493996491055
59,Canada - Costa Rica,Free Trade Agreement,66,2001,2002-11-01,Bilateral,North America; Central America,Yes,Yes,en,CAN,CRI,116,182449,4216,0,124.0,188.0,0.0,3774.394,0.0,0.0,0.0,0.439,0.0,0.0,0.0,0.0,732716924.928,16403602.432,23.574,32533176.739,30.074,,,,,39440.406,69001.102,48039.398,68405.0,752531734.528,16844378.112,0.6637931034482759,0.0086206896551724,0.3275862068965517,21.802493615304055,2.704292602760215,2.687066343062171
62,Japan - Singapore,Free Trade Agreement & Economic Integration Agreement,70,2002,2002-11-30,Bilateral,East Asia,Yes,No,en,JPN,SGP,155,156454,4717,0,392.0,702.0,0.0,5326.388000000001,0.0,0.0,0.0,0.001,0.0,0.0,0.0,0.0,3980819431.424,91941789.696,31.236,176926130.08400002,28.16,,,,,14183390.0,14575910.0,14858307.0,15396223.0,4302939095.04,97002307.584,0.7870967741935484,0.0838709677419354,0.1290322580645161,4.7585027274861655,8.091792887495354,5.504045445202133
63,US - Jordan,Free Trade Agreement & Economic Integration Agreement,71,2000,2001-12-17,Bilateral,Middle East; North America,Yes,Yes,en,JOR,USA,21,53975,1965,0,400.0,840.0,0.0,9209.496,0.0,1.0,0.0,0.0139999999999999,0.0,0.0,0.0,1.0,8457924.096,10284800409.6,1.763,10284779000.0,5.735,,,,,63254.867,74500.0,234773.203,241900.0,8972964.864,10621800153.088,0.8571428571428571,0.0476190476190476,0.0952380952380952,271.1543698289651,6.089446561048911,3.276677524762055
64,India - Sri Lanka,Free Trade Agreement,72,1998,2001-12-15,Bilateral,West Asia,Yes,No,en,IND,LKA,19,12795,698,0,356.0,144.0,0.0,2431.215,0.0,0.0,1.0,0.009,1.0,1.0,0.0,1.0,428741033.984,15794972.672,0.425,71863678.738,1.746,,,,,450125.0,539333.625,483750.031,511603.031,466867093.504,15656341.504,0.8947368421052632,0.0,0.1052631578947368,7.47015406831436,8.892561359410909,-0.8776917243152518
69,New Zealand - Singapore,Free Trade Agreement & Economic Integration Agreement,78,2000,2001-01-01,Bilateral,Oceania; East Asia,Yes,Yes,en,NZL,SGP,86,105174,2999,0,554.0,702.0,0.0,8614.42,1.0,1.0,0.0,0.019,1.0,1.0,0.0,1.0,52011593.728,95835971.584,13.483,165055027.232,21.51,,,,,219931.75,192054.75,168215.125,180478.422,53305708.544,89285091.328,0.6976744186046512,0.1860465116279069,0.1162790697674418,-23.51485176651393,2.4881275947199515,-6.8355129579483425
72,Israel - Mexico,Free Trade Agreement,81,2000,2000-07-01,Bilateral,Middle East; North America,Yes,Yes,en,ISR,MEX,112,176192,3981,0,376.0,484.0,0.0,12487.836,0.0,0.0,0.0,0.009,0.0,0.0,0.0,0.0,131451207.68,683647959.04,20.902,1060833726.505,24.942,,,,,212700.0,314325.0,155600.0,273159.875,129596735.488,724703576.0639999,0.5803571428571429,0.1339285714285714,0.2857142857142857,-26.84532204983545,-1.4107684704688759,6.005374035146908
73,Georgia - Armenia,Free Trade Agreement,82,1995,1998-11-11,Bilateral,Commonwealth of Independent States (CIS),Yes,No,en,ARM,GEO,23,10787,579,0,51.0,268.0,1.0,172.722,0.0,0.0,0.0,0.0,1.0,0.0,0.0,1.0,1468317.312,2693731.84,0.456,7920562.507,1.585,,,,,2732.6,11434.0,6880.1,17213.0,1596968.96,3094915.584,0.8695652173913043,0.0,0.1304347826086956,151.7785259459855,8.761842344878657,14.893232431035152
74,Georgia - Azerbaijan,Free Trade Agreement,83,1996,1996-07-10,Bilateral,Commonwealth of Independent States (CIS),No,No,en,AZE,GEO,20,11228,623,0,31.0,268.0,1.0,450.997,0.0,0.0,0.0,0.103,1.0,0.0,0.0,1.0,3176749.568,3094915.584,0.409,8968454.365,2.472,,,,,91557.602,78707.0,133486.703,115510.0,3962710.272,3510540.8,0.9,0.0,0.1,45.79532456518467,24.74103441823463,13.429290871411375
75,Georgia - Kazakhstan,Free Trade Agreement,84,1997,1999-07-16,Bilateral,Commonwealth of Independent States (CIS),Yes,No,en,GEO,KAZ,18,13296,669,0,268.0,398.0,0.0,2626.773,0.0,0.0,0.0,0.052,1.0,0.0,0.0,1.0,3510540.8,22165932.032,0.775,101105013.739,2.225,,,,,3675.0,5400.0,3363.636,3700.0,3613500.16,22135244.8,0.8333333333333334,0.0,0.1666666666666666,-8.472489795918367,2.9328632215298662,-0.13844322880580406
76,Georgia - Russian Federation,Free Trade Agreement,85,1994,1994-05-10,Bilateral,Commonwealth of Independent States (CIS),Yes,No,en,GEO,RUS,24,12210,639,0,268.0,643.0,1.0,1644.856,0.0,0.0,0.0,0.013,1.0,0.0,0.0,0.0,2513870.592,395086561.28,0.517,850879050.2310001,1.555,,,,,52257.0,52200.0,46815.0,57900.0,2693731.84,395528503.296,0.8333333333333334,0.0,0.1666666666666666,-10.41391583902635,7.154753652490305,0.11185954150610193
77,Georgia - Turkmenistan,Free Trade Agreement,86,1996,2000-01-01,Bilateral,Commonwealth of Independent States (CIS),No,No,en,GEO,TKM,17,11246,616,0,268.0,795.0,0.0,1231.318,0.0,0.0,0.0,0.096,1.0,0.0,0.0,1.0,3094915.584,2379281.664,0.67,15336119.979,1.943,,,,,13432.0,13942.0,5734.0,9026.1,3510540.8,2450084.864,0.8235294117647058,0.0,0.1764705882352941,-57.310899344848124,13.429290871411375,2.9758225380078493
78,Georgia - Ukraine,Free Trade Agreement,87,1995,1996-06-04,Bilateral,Commonwealth of Independent States (CIS),Yes,No,en,GEO,UKR,15,10062,541,0,268.0,804.0,0.0,1465.1329999999998,0.0,0.0,0.0,0.0,1.0,0.0,0.0,1.0,2693731.84,48213868.544,0.569,190035087.671,1.673,,,,,5576.0,6133.6,5427.0,3800.0,3094915.584,44558077.952,0.7333333333333333,0.0,0.2666666666666666,-2.6721664275466286,14.893232431035152,-7.5824460936249585
80,Turkey - Former Yugoslav Republic of Macedonia,Free Trade Agreement,89,1999,2000-09-01,Bilateral,Europe,Yes,No,en,MKD,TUR,37,24904,1063,0,807.0,792.0,0.0,632.632,0.0,0.0,0.0,0.299,0.0,1.0,1.0,0.0,3673288.192,249751470.08,1.806,545462779.63,5.422999999999999,,,,,8377.598,7877.8,8823.392,10469.99,3586884.0960000004,266567532.54400003,0.7027027027027027,0.0,0.2972972972972973,5.321262729484034,-2.352227527047228,6.733118511219781
91,Kyrgyz Republic - Kazakhstan,Free Trade Agreement,100,1995,1995-11-11,Bilateral,Commonwealth of Independent States (CIS),Yes,No,en,KAZ,KGZ,19,11085,638,0,398.0,417.0,1.0,194.978,1.0,1.0,1.0,0.3289999999999999,1.0,1.0,0.0,1.0,20374306.816,1661018.496,1.288,5640393.525,6.039,,,,,74900.0,66814.0,111600.0,139500.0,21035358.208,1827570.56,0.6842105263157895,0.0,0.3157894736842105,48.99866488651536,3.244534393095894,10.027104719248113
93,Kyrgyz Republic - Moldova,Free Trade Agreement,102,1995,1996-11-21,Bilateral,Commonwealth of Independent States (CIS),Yes,No,en,KGZ,MDA,20,12590,648,0,417.0,498.0,0.0,3581.898,0.0,0.0,1.0,0.0,1.0,1.0,0.0,1.0,1661018.496,1752995.3280000002,0.364,6981299.77,1.237,,,,,234.0,700.0,759.0,765.6,1827570.56,1695130.496,0.7,0.0,0.3,224.35897435897436,10.027104719248113,-3.3009119348890907
94,Kyrgyz Republic - Russian Federation,Free Trade Agreement,103,1992,1993-04-24,Bilateral,Commonwealth of Independent States (CIS),Yes,No,en,KGZ,RUS,24,14179,688,0,417.0,643.0,0.0,2985.871,1.0,1.0,0.0,0.079,1.0,1.0,0.0,0.0,2316562.432,460205424.64,0.513,1019127116.401,1.832,,,,,94000.0,,113600.0,,2028295.424,435060113.40800005,0.7916666666666666,0.0,0.2083333333333333,20.851063829787233,-12.44374008738133,-5.463931949883052
95,Kyrgyz Republic - Ukraine,Free Trade Agreement,104,1995,1998-01-19,Bilateral,Commonwealth of Independent States (CIS),Yes,No,en,KGZ,UKR,16,10234,585,0,417.0,804.0,0.0,3417.1020000000003,0.0,0.0,1.0,0.0,1.0,1.0,0.0,1.0,1661018.496,48213868.544,0.364,190035087.671,1.237,,,,,4940.0,5434.0,9381.0,9600.0,1827570.56,44558077.952,0.6875,0.0,0.3125,89.89878542510121,10.027104719248113,-7.5824460936249585
96,Kyrgyz Republic - Uzbekistan,Free Trade Agreement,105,1996,1998-03-20,Bilateral,Commonwealth of Independent States (CIS),No,No,en,KGZ,UZB,21,13352,669,1,417.0,860.0,1.0,480.287,0.0,0.0,1.0,0.616,1.0,1.0,0.0,1.0,1827570.56,13948892.16,0.395,38571051.237,1.329,,,,,115200.0,126720.0,101519.0,111670.898,1767864.064,14744603.648,0.7619047619047619,0.0,0.2380952380952381,-11.875868055555555,-3.2669871854359505,5.704478025013277
99,Turkey - Israel,Free Trade Agreement,108,1996,1997-05-01,Bilateral,Middle East; Europe,Yes,Yes,en,ISR,TUR,38,27566,688,0,376.0,792.0,0.0,1123.008,0.0,0.0,0.0,0.079,0.0,0.0,0.0,0.0,109160636.416,181475557.376,19.178,476473573.525,20.73,,,,,196300.0,191814.688,256800.0,233540.0,113365221.376,189834641.408,0.7368421052631579,0.0,0.2631578947368421,30.820173204279165,3.851740973712141,4.606176254734286
101,Canada - Chile,Free Trade Agreement & Economic Integration Agreement,110,1996,1997-07-05,Bilateral,North America; South America,Yes,Yes,en,CAN,CHL,179,251746,5408,0,124.0,152.0,0.0,8632.244,0.0,0.0,0.0,0.3879999999999999,0.0,0.0,0.0,0.0,626950471.68,75769012.22399999,21.129,118519347.104,23.905,,,,,231844.641,408100.0,255372.922,432520.0,651001004.032,82808987.648,0.5977653631284916,0.1787709497206704,0.223463687150838,10.148296246364387,3.836113606797885,9.291364922624771
104,Canada - Israel,Free Trade Agreement,113,1996,1997-01-01,Bilateral,North America; Middle East,Yes,Yes,en,CAN,ISR,74,88032,2376,0,124.0,376.0,0.0,9276.556,1.0,1.0,0.0,0.006,1.0,1.0,0.0,1.0,626950471.68,109160636.416,21.129,117993975.123,23.905,,,,,155783.438,189000.0,171389.34399999998,294300.0,651001004.032,113365221.376,0.5540540540540541,0.0405405405405405,0.4054054054054054,10.017692638160923,3.836113606797885,3.851740973712141
106,Faroe Islands - Norway,Free Trade Agreement,115,1992,1993-07-01,Bilateral,Europe,No,No,en,FRO,NOR,30,19748,913,1,234.0,578.0,0.0,971.324,0.0,0.0,0.0,0.976,0.0,0.0,0.0,0.0,,128298975.232,,88212166.67899999,,,,,,18386.0,13532.865,6248.0,5634.34,,118168338.432,0.8,0.0,0.2,-66.01762210377461,,-7.896116692811464
107,Faroe Islands - Switzerland,Free Trade Agreement,116,1994,1995-03-01,Bilateral,Europe,No,No,en,CHE,FRO,13,6701,427,1,756.0,234.0,0.0,1902.256,0.0,0.0,0.0,0.432,0.0,0.0,0.0,0.0,291913793.536,,41.739,,29.254,,,,,71.92699999999999,1526.0,97.634,107.397,341759000.576,,0.7692307692307693,0.0,0.2307692307692308,35.74040346462387,17.07531748884379,
108,Faeroe Islands - Iceland,Free Trade Agreement,117,1992,1993-07-01,Bilateral,Europe,No,No,en,FRO,ISL,30,20227,933,1,234.0,352.0,0.0,799.567,0.0,0.0,0.0,0.964,0.0,0.0,0.0,1.0,,7161930.24,,5745666.925,,,,,,17437.0,18175.324,786.0,1434.844,,6289671.168,0.8,0.0,0.2,-95.4923438664908,,-12.17910595007416
120,Lao People's Democratic Republic - Thailand,Partial Scope Agreement,131,1991,1991-06-20,Bilateral,East Asia,Yes,No,en,LAO,THA,11,6306,420,1,418.0,764.0,1.0,525.249,0.0,1.0,0.0,0.0,0.0,0.0,0.0,0.0,1028087.936,98234712.064,0.235,272818848.262,1.092,,,,,42716.746,46988.426,37324.559,41057.016,1127806.976,111452749.824,1.0,0.0,0.0,-12.623122088934393,9.699466019218033,13.455567265661086
121,US - Israel,Free Trade Agreement,133,1985,1985-08-19,Bilateral,Middle East; North America,Yes,Yes,en,ISR,USA,24,24011,1158,1,376.0,840.0,0.0,9119.813,1.0,1.0,0.0,0.005,1.0,1.0,0.0,1.0,24122660.864,4346700103.68,5.699,,,,,,,2134100.0,2200700.0,2347400.0,2505200.25,29701443.584000003,4590200160.256,0.7083333333333334,0.0833333333333333,0.2083333333333333,9.994845602361652,23.126730303312538,5.601952073248564
122,Australia - New Zealand (ANZCERTA),Free Trade Agreement & Economic Integration Agreement,134,1982,1983-01-01,Bilateral,Oceania,Yes,No,en,AUS,NZL,26,60657,1580,1,36.0,554.0,0.0,2333.461,1.0,1.0,0.0,0.144,1.0,1.0,0.0,1.0,193684209.664,23885651.968,12.761,,,,,,,1130490.0,1102580.0,1120230.0,1028790.0,176929341.44,24041797.632,0.6538461538461539,0.0,0.3461538461538461,-0.9075710532600908,-8.650611349818377,0.6537215907239698
126,Australia - Papua New Guinea (PATCRA),Free Trade Agreement,139,1976,1977-02-01,Bilateral,Oceania,Yes,No,en,AUS,PNG,26,20346,841,1,36.0,598.0,0.0,2745.258,1.0,1.0,0.0,0.2339999999999999,1.0,1.0,1.0,1.0,104832974.848,1511856.64,7.47,,,,,,,215870.0,,243570.0,,110115848.192,1640763.136,0.8461538461538461,0.0,0.1538461538461538,12.83179691480984,5.039324078764119,8.526370330985884
139,Pakistan - China,Free Trade Agreement & Economic Integration Agreement,153,2006,2007-07-01,Bilateral,East Asia; West Asia,Yes,Yes,en,CHN,PAK,85,72531,2347,0,156.0,586.0,1.0,3882.877,0.0,0.0,0.0,0.023,0.0,0.0,0.0,0.0,2712950800.384,137264062.464,2.069,601917859.679,5.884,9.3,22.8,48.0,38.0,4240732.0,2914926.0,5784920.0,4164230.25,3494056034.3040004,152385716.224,0.7529411764705882,0.0588235294117647,0.188235294117647,36.41324186484786,28.791721317225527,11.016469634188446
141,Australia - China,Free Trade Agreement & Economic Integration Agreement,156,2015,2015-12-20,Bilateral,Oceania; East Asia,Yes,Yes,en,AUS,CHN,224,243608,4918,0,36.0,156.0,0.0,8956.436,0.0,0.0,0.0,0.0,0.0,0.0,0.0,0.0,1345383170.048,11064665178.112,56.554,19811750781.342,46.476000000000006,0.7,0.7,5.5,42.4,60774296.0,65141384.0,59517432.0,70127184.0,1204616429.568,11199145050.112,0.7232142857142857,0.0803571428571428,0.1964285714285714,-2.068084836392017,-10.462947925458128,1.2153993802363456
142,Australia - Chile,Free Trade Agreement & Economic Integration Agreement,157,2008,2009-03-06,Bilateral,Oceania; South America,Yes,Yes,en,AUS,CHL,293,342546,6444,0,36.0,152.0,0.0,11353.718,0.0,0.0,0.0,0.247,0.0,0.0,0.0,0.0,1055031623.68,179857801.216,49.65,273636846.329,37.507,0.8,7.5,5.5,49.0,259163.219,310956.312,166526.547,235577.234,926283268.096,172323373.056,0.5870307167235495,0.2559726962457337,0.1569965870307167,-35.74452901049976,-12.203269806730502,-4.189102785122751
144,Canada - Colombia,Free Trade Agreement & Economic Integration Agreement,162,2008,2011-08-15,Bilateral,North America; South America,Yes,Yes,en,CAN,COL,279,395268,6889,1,124.0,170.0,0.0,4363.174,0.0,0.0,0.0,0.4529999999999999,0.0,0.0,0.0,0.0,1542560677.8879998,244056735.744,46.399,454954372.41,40.278,0.4,14.9,7.5,43.0,673010.938,795319.375,519203.5,675074.125,1370839187.456,233821667.328,0.6236559139784946,0.2114695340501792,0.1648745519713261,-22.853631243657436,-11.132235697017283,-4.193725030697745
146,Canada - Rep. of Korea,Free Trade Agreement & Economic Integration Agreement,168,2014,2015-01-01,Bilateral,North America; East Asia,Yes,Yes,en,CAN,KOR,310,399855,7043,1,124.0,410.0,0.0,10617.703,0.0,1.0,0.0,0.054,0.0,0.0,0.0,0.0,1792883163.1360002,1411333881.856,50.44,1706688744.053,45.082,0.4,14.5,7.5,7.0,3789273.5,5442590.5,3150091.25,3983082.25,1552807624.704,1382763986.944,0.6838709677419355,0.1580645161290322,0.1580645161290322,-16.868200461117414,-13.390473142269622,-2.024318644885687
148,Japan - Viet Nam,Free Trade Agreement & Economic Integration Agreement,170,2008,2009-10-01,Bilateral,East Asia,Yes,No,en,JPN,VNM,131,124825,3777,0,392.0,704.0,0.0,3672.564,0.0,0.0,0.0,0.0,0.0,0.0,0.0,0.0,4849184800.768,99130302.464,37.972,334014403.782,34.799,7.5,16.8,31.0,47.0,7825155.5,8240300.0,6518343.5,7468100.0,5035142414.336,106014597.12,0.8091603053435115,0.0610687022900763,0.1297709923664122,-16.7001409748343,3.8348221651307117,6.94469247534082
149,Japan - Indonesia,Free Trade Agreement & Economic Integration Agreement,172,2007,2008-07-01,Bilateral,East Asia,Yes,No,en,IDN,JPN,155,175400,5019,0,360.0,392.0,0.0,5791.627,0.0,0.0,0.0,0.001,0.0,0.0,0.0,0.0,432216735.744,4356346740.736,1.871,4419763599.828,7.02,80.0,7.5,125.0,31.0,23632798.0,26262630.0,27743856.0,32558564.0,510244552.704,4849184800.768,0.7483870967741936,0.0903225806451612,0.1612903225806451,17.395561879723257,18.05293745178241,11.313104519975266
150,India - Japan,Free Trade Agreement & Economic Integration Agreement,173,2011,2011-08-01,Bilateral,West Asia; East Asia,Yes,Yes,en,IND,JPN,149,161904,5037,0,356.0,392.0,0.0,5847.71,0.0,0.0,0.0,0.0,0.0,0.0,0.0,0.0,1880100175.872,5905630887.936,1.54,4573186804.907001,4.636,42.0,7.5,44.0,20.0,5663553.0,6802726.5,6697228.0,6992574.5,1858744745.984,5954476703.744,0.6912751677852349,0.1208053691275167,0.1879194630872483,18.251352110592062,-1.1358665970070054,0.8271058035100468
151,Japan - Australia,Free Trade Agreement & Economic Integration Agreement,175,2014,2015-01-15,Bilateral,Oceania; East Asia,Yes,Yes,en,AUS,JPN,276,315643,5091,0,36.0,392.0,0.0,7831.446,0.0,0.0,0.0,0.004,0.0,0.0,0.0,0.0,1459597869.056,4848733388.8,62.215,5013008206.785999,46.446000000000005,0.7,7.5,5.5,19.2,43225712.0,48127340.0,29976308.0,34817356.0,1345383170.048,4383076253.696,0.6123188405797102,0.213768115942029,0.1739130434782608,-30.651673244850194,-7.825079868187849,-9.603686112740554
155,Japan - Switzerland,Free Trade Agreement & Economic Integration Agreement,179,2009,2009-09-01,Bilateral,East Asia; Europe,Yes,Yes,en,CHE,JPN,156,173529,5359,0,756.0,392.0,0.0,9680.594,0.0,0.0,0.0,0.0069999999999999,1.0,1.0,0.0,0.0,539507556.352,5035142414.336,69.669,4238262271.342,51.633,2.3,7.5,24.0,31.0,6583267.0,6266782.0,6461680.0,6789817.0,581208571.904,5495387062.272,0.8076923076923077,0.0961538461538461,0.0961538461538461,-1.8469097486096189,7.7294590337104285,9.140648070362351
156,US - Peru,Free Trade Agreement & Economic Integration Agreement,180,2006,2009-02-01,Bilateral,South America; North America,Yes,Yes,en,PER,USA,279,491979,8159,0,604.0,840.0,0.0,5890.553000000001,0.0,1.0,0.0,0.297,0.0,0.0,0.0,1.0,87985692.672,13855900041.216002,3.139,13855888000.0,7.404,31.1,0.8,84.0,12.0,5721698.0,6155100.0,5280062.5,5488700.0,102172270.592,14477599703.04,0.6021505376344086,0.2258064516129032,0.1720430107526882,-7.718609056262669,16.123732721961773,4.486894824404628
157,US - Panama,Free Trade Agreement & Economic Integration Agreement,181,2007,2012-10-31,Bilateral,Central America; North America,Yes,Yes,en,PAN,USA,282,479944,8094,0,591.0,840.0,0.0,3580.789,0.0,1.0,0.0,0.278,0.0,0.0,0.0,1.0,21121900.544,14477599703.04,6.05,14477635000.0,13.13,13.0,0.7,24.0,12.0,400250.812,391200.0,441321.0,401900.0,24884000.768000003,14718600216.576,0.5921985815602837,0.2198581560283688,0.1879432624113475,10.261112974331711,17.811371737893566,1.6646441294090628
158,US - Oman,Free Trade Agreement & Economic Integration Agreement,182,2006,2009-01-01,Bilateral,Middle East; North America,Yes,Yes,en,OMN,USA,221,389153,6974,0,512.0,840.0,0.0,11357.148,0.0,0.0,0.0,0.009,0.0,0.0,0.0,0.0,37215866.88,13855900041.216002,14.566,13855888000.0,38.979,4.5,0.8,53.4,12.0,725031.812,960200.0,472685.188,1087500.0,42085306.368,14477599703.04,0.5565610859728507,0.2850678733031674,0.1583710407239819,-34.8049037053839,13.084310258581832,4.486894824404628
159,"Korea, Republic of - US",Free Trade Agreement & Economic Integration Agreement,183,2007,2012-03-15,Bilateral,East Asia; North America,Yes,Yes,en,KOR,USA,272,490125,8145,0,410.0,840.0,0.0,11065.702,0.0,1.0,0.0,0.065,0.0,0.0,0.0,0.0,1122675851.264,14477599703.04,23.101,14477635000.0,27.823,17.1,0.7,27.0,12.0,45884088.0,49319200.0,46500924.0,49823500.0,1002216030.208,14718600216.576,0.5808823529411765,0.2389705882352941,0.1801470588235294,1.3443353172890786,-10.729706256741562,1.6646441294090628
160,Malaysia - Australia,Free Trade Agreement & Economic Integration Agreement,186,2012,2013-01-01,Bilateral,Oceania; East Asia,Yes,Yes,en,AUS,MYS,244,250291,5154,0,36.0,458.0,0.0,6617.087,0.0,0.0,0.0,0.013,1.0,1.0,0.0,1.0,1534425956.3520002,305263804.416,67.525,671128434.618,42.61600000000001,0.7,15.1,5.5,15.5,5252974.0,4730180.5,5060511.5,5242467.0,1560372445.184,313159090.176,0.6352459016393442,0.192622950819672,0.1721311475409836,-3.663876881933929,1.6909573723378546,2.586381236748476
161,Pakistan - Malaysia,Free Trade Agreement & Economic Integration Agreement,187,2007,2008-01-01,Bilateral,East Asia; West Asia,Yes,Yes,en,MYS,PAK,138,137644,3260,0,458.0,586.0,0.0,4509.983,0.0,0.0,1.0,0.478,1.0,1.0,0.0,1.0,193552515.072,152385716.224,7.218,647800680.909,19.488,23.1,15.3,41.5,37.0,1257199.75,1157505.25,1732340.875,1693663.875,230988513.28,170077814.784,0.6956521739130435,0.1014492753623188,0.2028985507246377,37.793606385938276,19.341519894006083,11.610076717422405
165,Albania - Bosnia and Herzegovina,Free Trade Agreement,191,2003,2004-12-01,Bilateral,Europe,No,No,en,ALB,BIH,41,35359,1210,1,8.0,70.0,0.0,303.87,0.0,0.0,0.0,0.0819999999999999,1.0,0.0,0.0,1.0,5652324.864,8370020.352000001,1.863,20213903.51,5.115,57.1,47.3,53.0,80.0,42.976000000000006,252.912,381.638,505.8,7464446.976,10022840.32,0.6829268292682927,0.0,0.3170731707317073,788.0258749069246,32.05976577074534,19.746905007286646
166,Albania - Bulgaria,Free Trade Agreement,192,2003,2003-09-01,Bilateral,Europe,Yes,No,en,ALB,BGR,38,32073,1209,0,8.0,100.0,0.0,324.046,0.0,0.0,0.0,0.022,1.0,0.0,0.0,1.0,5652324.864,21101365.248,1.863,65151655.915,5.115,57.1,10.4,53.0,51.0,190.331,256.192,1594.672,1398.1660000000002,7464446.976,25919754.24,0.7105263157894737,0.0,0.2894736842105263,737.8414446411778,32.05976577074534,22.834489310859585
167,Albania - Former Yugoslav Republic of Macedonia,Free Trade Agreement,193,2002,2002-07-01,Bilateral,Europe,Yes,No,en,ALB,MKD,41,31753,1213,0,8.0,807.0,1.0,155.963,0.0,1.0,0.0,0.062,1.0,1.0,0.0,1.0,4449373.696,3791306.752,1.4580000000000002,12919326.529,4.755,,,,,4958.782,1126.55,3049.382,3962.662,5652324.864,4756221.44,0.6829268292682927,0.0,0.3170731707317073,-38.505423307578354,27.036415688829553,25.450715310518895
169,Albania - Romania,Free Trade Agreement,195,2003,2004-01-01,Bilateral,Europe,Yes,No,en,ALB,ROU,42,28863,1132,0,8.0,642.0,0.0,617.628,0.0,0.0,0.0,0.002,1.0,1.0,0.0,0.0,5652324.864,59466018.81600001,1.863,,5.115,57.1,10.9,53.0,36.0,79.628,12.008,225.549,243.817,7464446.976,75794735.104,0.6904761904761905,0.0,0.3095238095238095,183.25337820867028,32.05976577074534,27.458902770209612
174,Australia - New Zealand Free Trade Agreement,Free Trade Agreement,200,1965,1966-01-01,Bilateral,Oceania,Yes,No,en,AUS,NZL,19,27108,1049,0,36.0,554.0,0.0,2333.461,1.0,1.0,0.0,0.144,1.0,1.0,0.0,1.0,25930115.072,5654463.488,2.277,,,,,,,188300.0,199980.0,198800.0,213730.0,27255011.328,5863733.248,0.6842105263157895,0.0,0.3157894736842105,5.5762081784386615,5.109488532238169,3.7009658023986836
176,Bulgaria - Bosnia and Herzegovina,Free Trade Agreement,202,2003,2004-12-01,Bilateral,Europe,No,No,en,BGR,BIH,42,37718,1219,1,100.0,70.0,0.0,416.34,0.0,0.0,0.0,0.043,1.0,1.0,0.0,1.0,21101365.248,8370020.352000001,2.697,20213903.51,8.379,10.4,47.3,51.0,80.0,9791.328,6618.292,11754.02,13374.748,25919754.24,10022840.32,0.6904761904761905,0.0,0.3095238095238095,20.045207350831276,22.834489310859585,19.746905007286646
177,Bulgaria - Estonia,Free Trade Agreement,203,2001,2002-01-01,Bilateral,Europe,Yes,No,en,BGR,EST,40,33625,1186,0,100.0,233.0,0.0,1866.91,0.0,0.0,0.0,0.003,1.0,1.0,0.0,0.0,14303810.56,6233506.304,1.783,14334255.34,6.954,,,,,3514.8540000000003,3843.327,2485.86,3188.827,16343311.36,7308609.024,0.725,0.0,0.275,-29.275582997188504,14.258443870218585,17.247158622589573
178,Bulgaria - Former Yugoslav Republic of Macedonia,Free Trade Agreement,204,1999,2000-01-01,Bilateral,Europe,Yes,No,en,BGR,MKD,41,32269,1237,1,100.0,807.0,1.0,168.097,0.0,0.0,0.0,0.032,1.0,0.0,0.0,1.0,13659824.128,3673288.192,1.664,10977905.353,5.751,,,,,111921.0,91319.211,108897.086,97378.461,13353530.368,3586884.0960000004,0.6829268292682927,0.0,0.3170731707317073,-2.701828968647532,-2.2422965122380805,-2.352227527047228
179,Bulgaria - Israel,Free Trade Agreement,205,2001,2002-01-01,Bilateral,Europe; Middle East,Yes,Yes,en,BGR,ISR,43,31814,1168,0,100.0,376.0,0.0,1551.37,0.0,0.0,0.0,0.009,0.0,0.0,0.0,0.0,14303810.56,129596735.488,1.783,160644163.51700002,6.954,,,,,32682.504,22900.0,43659.098,32300.0,16343311.36,119876313.088,0.6976744186046512,0.0,0.3023255813953488,33.585535551376346,14.258443870218585,-7.500514857413262
180,Bulgaria - Latvia,Free Trade Agreement,206,2002,2003-04-01,Bilateral,Europe,Yes,No,en,BGR,LVA,38,32142,1133,0,100.0,428.0,0.0,1590.733,0.0,0.0,0.0,0.001,1.0,1.0,0.0,0.0,16343311.36,9314784.256,2.077,23263574.396,7.766,,,,,6772.155,8722.096,8762.276,9007.376,21101365.248,11186452.48,0.7105263157894737,0.0,0.2894736842105263,29.386820000428227,29.11315695572724,20.093522002878274
181,Bulgaria - Lithuania,Free Trade Agreement,207,2001,2002-03-01,Bilateral,Europe,Yes,No,en,BGR,LTU,40,35090,1218,0,100.0,440.0,0.0,1345.486,0.0,0.0,0.0,,1.0,0.0,0.0,0.0,14303810.56,12159224.832,1.783,32880187.166,6.954,,,,,7550.451,12920.506,8322.151,14666.973,16343311.36,14163949.568,0.675,0.0,0.325,10.220581525527413,14.258443870218585,16.48727417823603
183,Bulgaria - Slovak Republic Free Trade Agreement,Free Trade Agreement,209,1995,1996-03-11,Bilateral,Europe,Yes,No,en,BGR,SVK,41,30767,1195,1,100.0,703.0,0.0,776.85,0.0,0.0,0.0,0.004,1.0,1.0,0.0,0.0,13069094.912,25733042.176,1.555,46340521.696,5.317,,,,,9500.0,12228.193,11495.0,10617.84,10110256.128,27821914.112,0.6829268292682927,0.0,0.3170731707317073,21.0,-22.639967066756885,8.117469833971647
184,Bulgaria - Slovenia,Free Trade Agreement,210,1996,1997-01-01,Bilateral,Europe,Yes,No,en,BGR,SVN,39,29834,1167,1,100.0,705.0,0.0,795.247,0.0,0.0,0.0,0.005,1.0,1.0,0.0,0.0,10110256.128,21478225.92,1.209,28383002.368,5.625,,,,,4116.0,7938.0,7408.0,14909.0,11195830.272,20749932.544,0.6410256410256411,0.0,0.358974358974359,79.98056365403305,10.737355515589163,-3.390845122463457
185,Bulgaria - Turkey,Free Trade Agreement,211,1998,1999-01-01,Bilateral,Europe,Yes,No,en,BGR,TUR,42,31058,1166,0,100.0,792.0,1.0,502.329,0.0,1.0,0.0,0.105,0.0,0.0,1.0,0.0,14631307.264,269287096.32,1.7719999999999998,557287694.275,6.007000000000001,,,,,338776.0,,279135.0,295572.906,13659824.128,249751470.08,0.6904761904761905,0.0,0.3095238095238095,-17.604848041183555,-6.639756232789344,-7.254571981713283
186,Canada - US Free Trade Agreement (CUSFTA),Free Trade Agreement,212,1988,1989-01-01,Bilateral,North America,Yes,No,en,CAN,USA,151,175320,4375,1,124.0,840.0,1.0,548.395,1.0,1.0,0.0,0.2689999999999999,1.0,1.0,0.0,1.0,506017710.08,5252599775.232,18.815,,,,,,,81961976.0,81430000.0,85304984.0,89550232.0,563639353.344,5657699811.328,0.7350993377483444,0.086092715231788,0.1788079470198675,4.078730361503242,11.387277977857766,7.712372033487113
193,Croatia - Albania,Free Trade Agreement,219,2002,2003-06-01,Bilateral,Europe,Yes,No,en,ALB,HRV,42,31698,1207,0,8.0,191.0,0.0,585.956,0.0,0.0,0.0,0.002,1.0,0.0,0.0,0.0,4449373.696,26878498.816,1.4580000000000002,54539973.75,4.755,,,,,159.391,264.705,316.495,667.15,5652324.864,34658111.488000005,0.7142857142857143,0.0,0.2857142857142857,98.56516365415865,27.036415688829553,28.943627861274102
194,Croatia - Bosnia and Herzegovina,Free Trade Agreement,220,2000,2001-01-01,Bilateral,Europe,No,No,en,BIH,HRV,41,35323,1172,0,70.0,191.0,1.0,290.154,1.0,1.0,0.0,0.12,1.0,1.0,0.0,1.0,5505984.512,21774274.56,1.436,47564558.954,4.526,,,,,60018.965,81673.648,73901.273,126812.664,5748990.464,23289671.68,0.6829268292682927,0.0,0.3170731707317073,23.129869033896213,4.413487750835133,6.959575694814796
195,Croatia - Former Yugoslav Republic of Macedonia,Free Trade Agreement,221,1997,1997-10-30,Bilateral,Europe,Yes,No,en,HRV,MKD,40,30981,1128,1,191.0,807.0,0.0,610.809,0.0,0.0,0.0,0.0069999999999999,1.0,0.0,0.0,0.0,23822086.144,3735312.128,5.21,9914582.508,9.368,,,,,77470.0,69450.914,58720.0,64607.797,25432143.872,3571043.328,0.725,0.0,0.275,-24.20291725829353,6.758676457920209,-4.397726197193442
197,Czech Republic - Bulgaria Free Trade Agreement,Free Trade Agreement,223,1995,1996-06-07,Bilateral,Europe,Yes,No,en,BGR,CZE,41,30587,1200,0,100.0,203.0,0.0,1069.866,0.0,0.0,0.0,0.002,0.0,1.0,0.0,0.0,13069094.912,59537113.088,1.555,141366056.776,5.317,,,,,18500.0,19039.482,23260.0,24870.217,10110256.128,66775130.112,0.6829268292682927,0.0,0.3170731707317073,25.72972972972973,-22.639967066756885,12.157151478442882
198,Czech Republic - Estonia,Free Trade Agreement,224,1996,1998-02-12,Bilateral,Europe,Yes,No,en,CZE,EST,43,32097,1163,0,203.0,233.0,0.0,1227.457,0.0,0.0,0.0,0.038,0.0,1.0,0.0,0.0,66775130.112,4739181.568,6.473,9662625.573,14.538,,,,,15691.395,19324.6,15583.72,20400.0,61621395.456,5059146.752,0.6046511627906976,0.0,0.3953488372093023,-0.6862041265292288,-7.71804509756221,6.751486082754792
199,Czech Republic - Israel,Free Trade Agreement,225,1996,1997-12-01,Bilateral,Europe; Middle East,Yes,Yes,en,CZE,ISR,41,33287,1248,0,203.0,376.0,0.0,2614.886,0.0,0.0,0.0,0.004,0.0,0.0,0.0,0.0,66775130.112,109160636.416,6.473,117993975.123,14.538,,,,,30408.162,26000.0,31123.953,30700.0,61621395.456,113365221.376,0.6585365853658537,0.0,0.3414634146341464,2.353943654996317,-7.71804509756221,3.851740973712141
200,Czech Republic - Latvia,Free Trade Agreement,226,1996,1997-09-01,Bilateral,Europe,Yes,No,en,CZE,LVA,43,31642,1172,0,203.0,428.0,0.0,993.245,0.0,0.0,0.0,0.078,0.0,1.0,0.0,0.0,66775130.112,5585292.8,6.473,14243962.434,14.538,,,,,23945.264,20632.246,27844.678,25975.949,61621395.456,6133234.176,0.6511627906976745,0.0,0.3488372093023256,16.284698301927268,-7.71804509756221,9.810432427105704
201,Czech Republic - Lithuania,Free Trade Agreement,227,1996,1997-07-01,Bilateral,Europe,Yes,No,en,CZE,LTU,42,30903,1146,1,203.0,440.0,0.0,896.584,0.0,0.0,0.0,,0.0,0.0,0.0,0.0,66775130.112,8426599.936,6.473,22977271.21,14.538,,,,,85724.734,80933.398,104514.711,104464.305,61621395.456,10128700.416,0.6666666666666666,0.0,0.3333333333333333,21.918967984199288,-7.71804509756221,20.199137171901434
202,Czech Republic - Romania Free Trade Agreement,Free Trade Agreement,228,1994,1995-01-01,Bilateral,Europe,Yes,No,en,CZE,ROU,41,31030,1204,0,203.0,642.0,0.0,1083.813,0.0,0.0,0.0,0.022,0.0,0.0,0.0,0.0,47364870.144,30072623.104,4.584,,12.616,,,,,46851.527,50200.0,55233.316,72300.0,59537113.088,35477057.536,0.6585365853658537,0.0,0.3414634146341464,17.890108469676978,25.698883807753734,17.971277109116397
204,Czech Republic - Slovenia,Free Trade Agreement,230,1993,1994-01-01,Bilateral,Europe,Yes,No,en,CZE,SVN,41,30902,1251,1,203.0,705.0,0.0,448.934,0.0,0.0,0.0,0.28,0.0,1.0,0.0,1.0,40452247.552,,3.916,,12.008,,,,,100919.992,106218.0,165332.609,177766.0,47364870.144,,0.6829268292682927,0.0,0.3170731707317073,63.82542816689879,17.088352342138858,
205,Czech Republic - Turkey,Free Trade Agreement,231,1997,1998-09-01,Bilateral,Europe,Yes,No,en,CZE,TUR,39,30479,1159,0,203.0,792.0,0.0,1511.031,0.0,0.0,0.0,0.0,0.0,0.0,0.0,0.0,61621395.456,189834641.408,5.98,520409370.15,14.68,,,,,78416.422,98455.0,84687.148,93300.0,66372661.248,269287096.32,0.6923076923076923,0.0,0.3076923076923077,7.996699976951249,7.710415768485129,41.8535069904537
254,El Salvador - Nicaragua Free Trade Area,Free Trade Agreement,297,1951,1951-08-21,Bilateral,Central America,Yes,No,en,NIC,SLV,26,16892,913,0,558.0,222.0,0.0,356.557,1.0,1.0,0.0,0.912,1.0,1.0,0.0,1.0,125400.0,424000.0,0.111,,,,,,,2100.0,1900.0,1200.0,1200.0,138140.0,436400.0,0.8076923076923077,0.0,0.1923076923076923,-42.857142857142854,10.159489633173843,2.9245283018867925
256,Estonia - Faeroe Islands,Free Trade Agreement,299,1997,1998-12-01,Bilateral,Europe,No,No,en,EST,FRO,32,22467,937,1,233.0,234.0,0.0,1722.169,0.0,0.0,0.0,0.659,0.0,0.0,0.0,0.0,5059146.752,,3.615,,7.837000000000001,,,,,100.0,110.0,50.0,55.0,5608007.168,1105688.832,0.78125,0.0,0.21875,-50.0,10.84887319750157,
258,Estonia - Norway Free Trade Agreement,Free Trade Agreement,301,1992,1992-06-15,Bilateral,Europe,Yes,No,en,EST,NOR,27,17872,1031,1,233.0,578.0,0.0,787.4169999999999,0.0,0.0,0.0,0.6459999999999999,0.0,0.0,0.0,0.0,,128298975.232,,88212166.67899999,,,,,,7342.380999999999,,4789.639,15662.557,,118168338.432,0.7407407407407407,0.0,0.2592592592592592,-34.76722332987078,,-7.896116692811464
259,Estonia - Sweden Free Trade Agreement,Free Trade Agreement,302,1992,1992-07-01,Bilateral,Europe,Yes,No,en,EST,SWE,26,18816,1009,1,233.0,752.0,0.0,377.94,0.0,0.0,0.0,0.452,0.0,0.0,1.0,0.0,,280312315.90400004,,177611286.785,,,,,,87318.398,,76488.578,,,209950785.536,0.6923076923076923,0.0,0.3076923076923077,-12.402678299251445,,-25.101119849509963
260,Estonia - Switzerland Free Trade Agreement,Free Trade Agreement,303,1992,1993-04-01,Bilateral,Europe,Yes,No,en,CHE,EST,34,25197,1181,0,756.0,233.0,0.0,1794.213,0.0,0.0,0.0,0.296,0.0,1.0,0.0,0.0,271133671.424,,39.436,,28.139,,,,,,2122.476,3781.547,4701.911,263691010.048,,0.7352941176470589,0.0,0.2647058823529412,78.16677314608032,-2.7450155257039803,
261,Estonia - Ukraine,Free Trade Agreement,304,1995,1996-03-14,Bilateral,Europe; Commonwealth of Independent States (CIS),Yes,Yes,en,EST,UKR,30,20305,913,1,233.0,804.0,0.0,1066.134,0.0,0.0,1.0,0.0,1.0,0.0,0.0,1.0,4362191.36,48213868.544,3.036,190035087.671,6.28,,,,,68979.867,75877.852,104503.203,38700.0,4739181.568,44558077.952,0.7333333333333333,0.0,0.2666666666666666,51.4981219085273,8.642220775935874,-7.5824460936249585
262,Finland - Estonia Protocol,Free Trade Agreement,307,1992,1992-12-01,Bilateral,Europe,Yes,No,en,EST,FIN,15,6938,469,1,233.0,246.0,0.0,80.985,0.0,0.0,0.0,0.614,0.0,0.0,0.0,1.0,,112625434.624,,86990843.87799999,,,,,,109499.852,,166575.578,132336.359,,89255747.58399999,0.9333333333333332,0.0,0.0666666666666666,52.12402113566328,,-20.749919516865532
263,Finland - Latvia Protocol,Free Trade Agreement,310,1992,1993-07-01,Bilateral,Europe,Yes,No,en,FIN,LVA,14,7499,481,0,246.0,428.0,0.0,358.129,0.0,0.0,0.0,0.131,0.0,0.0,0.0,1.0,112625434.624,4848056.832,22.337,,17.253,,,,,45353.41,49888.754,44276.742,43920.625,89255747.58399999,4467987.456,0.9285714285714286,0.0,0.0714285714285714,-2.3739515948194523,-20.749919516865532,-7.839622949370576
264,Finland - Lithuania Protocol,Free Trade Agreement,311,1992,1993-07-01,Bilateral,Europe,Yes,No,en,FIN,LTU,15,7356,487,1,246.0,440.0,0.0,606.876,0.0,0.0,0.0,,0.0,0.0,0.0,1.0,112625434.624,8562311.168,22.337,,17.253,,,,,27370.102000000003,30107.111,35916.645,39508.312000000005,89255747.58399999,7424598.016,0.9333333333333332,0.0,0.0666666666666666,31.225835402440204,-20.749919516865532,-13.287453932438067
265,Former Yugoslav Republic of Macedonia  - Bosnia and Herzegovina,Free Trade Agreement,314,2002,2002-07-15,Bilateral,Europe,No,No,en,BIH,MKD,42,36563,1174,1,70.0,807.0,0.0,322.85400000000004,0.0,0.0,0.0,0.122,1.0,0.0,0.0,1.0,6651226.112000001,3791306.752,1.707,12919326.529,5.114,,,,,10445.119,14298.722,9361.438,11753.187,8370020.352000001,4756221.44,0.6904761904761905,0.0,0.3095238095238095,-10.374999078516964,25.841765278419693,25.450715310518895
266,Ghana - Upper Volta Trade Agreement,Free Trade Agreement,315,1961,1962-05-09,Bilateral,Africa,Yes,No,en,BFA,GHA,18,8209,509,1,854.0,288.0,1.0,770.8589999999999,0.0,0.0,0.0,0.088,0.0,0.0,0.0,0.0,350247.232,1302674.304,0.072,,,,,,,2800.0,9400.0,3400.0,9500.0,379567.104,1382515.7119999998,0.7777777777777778,0.0,0.2222222222222222,21.428571428571427,8.371193066273818,6.1290383755047815
268,Hungary - Estonia,Free Trade Agreement,317,1998,2001-03-01,Bilateral,Europe,Yes,No,en,EST,HUN,38,30951,1167,1,233.0,348.0,0.0,1377.818,0.0,0.0,0.0,0.153,1.0,1.0,0.0,0.0,5608007.168,48548470.784,4.046,106543783.305,8.357000000000001,,,,,8240.0,8026.0,5600.0,7724.0,5715278.847999999,48965869.568,0.631578947368421,0.0,0.3684210526315789,-32.03883495145631,1.9128306506472659,0.8597568105843674
269,Hungary - Israel,Free Trade Agreement,318,1997,1998-02-01,Bilateral,Europe; Middle East,Yes,Yes,en,HUN,ISR,40,32254,1259,0,348.0,376.0,0.0,2170.795,0.0,0.0,0.0,0.006,0.0,0.0,0.0,0.0,47070175.232,113365221.376,4.574,124882776.608,9.792,,,,,48766.0,39800.0,36800.0,37800.0,48548470.784,114992766.976,0.7,0.0,0.3,-24.53758766353607,3.1406204559761286,1.4356657008606644
270,Hungary - Latvia,Free Trade Agreement,319,1999,2000-01-01,Bilateral,Europe,Yes,No,en,HUN,LVA,40,29223,1101,1,348.0,428.0,0.0,1105.945,0.0,0.0,0.0,0.129,1.0,1.0,0.0,0.0,48965869.568,7288524.288,4.783,17702205.117,10.874,,,,,24207.0,27430.859,26670.59,27441.305,47110414.336,7833068.544,0.625,0.0,0.375,10.177180154500764,-3.789282715429547,7.471255284098466
271,Hungary - Lithuania,Free Trade Agreement,320,1998,2000-03-01,Bilateral,Europe,Yes,No,en,HUN,LTU,38,30936,1152,1,348.0,440.0,0.0,910.811,0.0,0.0,0.0,,1.0,0.0,0.0,0.0,48548470.784,11254049.792,4.729,27525353.193000004,10.378,,,,,55647.0,62685.301,49232.0,56526.398,48965869.568,10971374.592,0.6578947368421053,0.0,0.3421052631578947,-11.528024871062232,0.8597568105843674,-2.5117642557520976
272,Hungary - Slovenia Free Trade Agreement,Free Trade Agreement,321,1994,1995-01-01,Bilateral,Europe,Yes,No,en,HUN,SVN,41,31709,1221,1,348.0,705.0,1.0,381.625,0.0,0.0,0.0,0.385,1.0,1.0,0.0,0.0,42925506.56,,4.15,,8.814,,,,,196000.0,192604.0,255800.0,266823.0,46166298.624,21274122.24,0.6829268292682927,0.0,0.3170731707317073,30.510204081632654,7.549805054647666,
273,Hungary - Turkey,Free Trade Agreement,322,1997,1998-04-01,Bilateral,Europe,Yes,No,en,HUN,TUR,37,25050,1021,0,348.0,792.0,0.0,1066.445,0.0,0.0,0.0,0.001,0.0,0.0,0.0,0.0,47070175.232,189834641.408,4.574,520409370.15,9.792,,,,,82856.0,106424.0,99175.0,152400.0,48548470.784,269287096.32,0.7297297297297297,0.0,0.2702702702702703,19.695616491261948,3.1406204559761286,41.8535069904537
274,Ireland - United Kingdom Free Trade Area,Free Trade Agreement,323,1965,1966-07-01,Bilateral,Europe,Yes,No,en,GBR,IRL,29,46193,1760,1,826.0,372.0,1.0,460.411,1.0,1.0,0.0,0.127,1.0,1.0,1.0,0.0,100595785.728,2945704.192,1.851,,,,,,,519700.0,526300.0,530200.0,540899.938,107090722.816,3104034.3039999995,0.6206896551724138,0.0,0.3793103448275862,2.0203963825283817,6.456470359068121,5.374949474899608
276,Latvia - Norway Free Trade Agreement,Free Trade Agreement,325,1992,1992-06-16,Bilateral,Europe,Yes,No,en,LVA,NOR,28,19236,1087,1,428.0,578.0,0.0,843.1139999999999,0.0,0.0,0.0,0.138,0.0,0.0,0.0,0.0,4848056.832,128298975.232,1.854,88212166.67899999,,,,,,10324.815,11357.296,2940.3190000000004,24639.35,4467987.456,118168338.432,0.75,0.0,0.25,-71.52182387771596,-7.839622949370576,-7.896116692811464
277,Latvia - Sweden Free Trade Agreement,Free Trade Agreement,326,1992,1992-07-01,Bilateral,Europe,Yes,No,en,LVA,SWE,27,18997,1004,1,428.0,752.0,0.0,441.649,0.0,0.0,0.0,0.099,0.0,0.0,0.0,0.0,4848056.832,280312315.90400004,1.854,177611286.785,,,,,,71681.008,78849.102,64916.84,103647.227,4467987.456,209950785.536,0.7037037037037037,0.0,0.2962962962962963,-9.436485602992644,-7.839622949370576,-25.101119849509963
278,Latvia - Switzerland Free Trade Agreement,Free Trade Agreement,327,1992,1993-04-01,Bilateral,Europe,Yes,No,en,CHE,LVA,35,26290,1248,0,756.0,428.0,0.0,1587.651,0.0,0.0,0.0,0.157,0.0,1.0,0.0,0.0,271133671.424,4848056.832,39.436,,28.139,,,,,2282.39,2510.629,4895.416,6835.685,263691010.048,4467987.456,0.7428571428571429,0.0,0.2571428571428571,114.48639364876294,-2.7450155257039803,-7.839622949370576
279,Lithuania - Norway Free Trade Agreement,Free Trade Agreement,328,1992,1992-06-16,Bilateral,Europe,Yes,No,en,LTU,NOR,29,18641,1061,1,440.0,578.0,0.0,1048.369,0.0,0.0,0.0,,0.0,0.0,0.0,0.0,8562311.168,128298975.232,2.314,88212166.67899999,,,,,,4675.0070000000005,5142.508,3276.036,3603.64,7424598.016,118168338.432,0.7586206896551724,0.0,0.2413793103448276,-29.924468562293065,-13.287453932438067,-7.896116692811464
280,Lithuania - Sweden Free Trade Agreement,Free Trade Agreement,329,1992,1992-07-01,Bilateral,Europe,Yes,No,en,LTU,SWE,27,18929,1022,1,440.0,752.0,0.0,677.482,0.0,0.0,0.0,,0.0,0.0,0.0,0.0,8562311.168,280312315.90400004,2.314,177611286.785,,,,,,59221.016,65143.117,46715.527,51387.078,7424598.016,209950785.536,0.7037037037037037,0.0,0.2962962962962963,-21.1166404169763,-13.287453932438067,-25.101119849509963
281,Lithuania - Switzerland Free-Trade Agreement,Free Trade Agreement,330,1992,1993-04-01,Bilateral,Europe,Yes,No,en,CHE,LTU,35,25901,1189,0,756.0,440.0,0.0,1516.9979999999998,0.0,0.0,0.0,,0.0,0.0,0.0,0.0,271133671.424,8562311.168,39.436,,28.139,,,,,3861.202,4247.322,6715.9130000000005,7387.504,263691010.048,7424598.016,0.7428571428571429,0.0,0.2571428571428571,73.93322079497524,-2.7450155257039803,-13.287453932438067
282,Moldova - Bosnia and Herzegovina,Free Trade Agreement,331,2002,2004-05-01,Bilateral,Europe; Commonwealth of Independent States (CIS),No,Yes,en,BIH,MDA,40,31619,1148,1,70.0,498.0,0.0,883.068,0.0,0.0,0.0,0.0,1.0,0.0,0.0,0.0,6651226.112000001,1661818.112,1.707,7953150.855,5.114,,,,,26.972,54.901,110.318,116.0,8370020.352000001,1980901.504,0.675,0.0,0.325,309.0093430223936,25.841765278419693,19.200861375616057
283,Moldova - Bulgaria,Free Trade Agreement,332,2004,2004-12-01,Bilateral,Europe; Commonwealth of Independent States (CIS),Yes,Yes,en,BGR,MDA,38,31814,1173,1,100.0,498.0,0.0,650.321,0.0,1.0,0.0,0.0,1.0,0.0,0.0,0.0,25919754.24,2598231.552,3.3310000000000004,9542369.318,9.177,10.3,18.6,51.0,43.0,19432.117,29592.199,20222.301,28978.199,29300588.544,2988172.544,0.7105263157894737,0.0,0.2894736842105263,4.066381444697977,13.043465893602553,15.007938445664756
284,Moldova - Croatia,Free Trade Agreement,333,2004,2004-10-01,Bilateral,Europe; Commonwealth of Independent States (CIS),Yes,Yes,en,HRV,MDA,40,28939,1159,1,191.0,498.0,0.0,995.402,0.0,0.0,0.0,0.0,1.0,0.0,0.0,0.0,41574531.072,2598231.552,9.366,9542369.318,14.098,13.7,18.6,40.0,43.0,8025.919,2219.499,2509.049,2083.5,45416357.888,2988172.544,0.7,0.0,0.3,-68.73817191526602,9.2408181570265,15.007938445664756
285,Moldova - Former Yugoslav Republic of Macedonia,Free Trade Agreement,334,2004,2004-12-01,Bilateral,Commonwealth of Independent States (CIS); Europe,Yes,Yes,en,MDA,MKD,43,33866,1194,0,498.0,807.0,0.0,806.596,0.0,0.0,0.0,0.0,1.0,1.0,0.0,0.0,2598231.552,5514252.8,0.721,14574375.604,2.648,18.6,10.6,43.0,63.0,81.6,316.993,57.504,268.548,2988172.544,5985808.896000001,0.6511627906976745,0.0,0.3488372093023256,-29.529411764705877,15.007938445664756,8.551586463355486
287,Poland - Faeroe Islands,Free Trade Agreement,336,1998,1998-06-01,Bilateral,Europe,No,No,en,FRO,POL,34,25401,1018,0,234.0,616.0,0.0,1974.861,0.0,0.0,0.0,0.002,0.0,0.0,0.0,0.0,1105688.832,173337542.656,24.544,365826407.97,,,,,,377.273,415.0,141.81799999999998,156.0,1125684.48,168224899.072,0.7941176470588235,0.0,0.2058823529411765,-62.40971392068874,1.8084335684056223,-2.9495304396615203
288,Poland - Israel,Free Trade Agreement,337,1998,1998-03-01,Bilateral,Middle East; Europe,Yes,Yes,en,ISR,POL,42,29940,1146,1,376.0,616.0,0.0,2505.682,0.0,0.0,0.0,0.008,0.0,0.0,0.0,0.0,114992766.976,173337542.656,19.259,365826407.97,22.032,,,,,128300.0,140276.984,157600.0,161894.891,116276781.056,168224899.072,0.6666666666666666,0.0,0.3333333333333333,22.837100545596257,1.1166042123918831,-2.9495304396615203
289,Poland - Latvia,Free Trade Agreement,338,1997,1999-06-01,Bilateral,Europe,Yes,No,en,LVA,POL,41,34956,1282,0,428.0,616.0,0.0,559.844,0.0,0.0,0.0,0.148,1.0,1.0,0.0,0.0,6133234.176,157550133.248,2.521,344600881.917,6.48,,,,,20305.35,19546.0,31995.895,29542.0,6616957.44,173337542.656,0.6829268292682927,0.0,0.3170731707317073,57.57371825651862,7.886919855316485,10.020562396573158
290,Poland - Lithuania,Free Trade Agreement,339,1996,1997-12-30,Bilateral,Europe,Yes,No,en,LTU,POL,40,32009,1202,0,440.0,616.0,1.0,393.752,0.0,0.0,0.0,,1.0,0.0,0.0,0.0,8426599.936,157079207.936,2.34,318844115.955,6.38,,,,,103896.094,109655.0,89900.305,111752.0,10128700.416,157550133.248,0.65,0.0,0.35,-13.47094819560782,20.199137171901434,0.29980117559026603
291,Romania - Bosnia and Herzegovina,Free Trade Agreement,340,2003,2003-10-24,Bilateral,Europe,No,No,en,BIH,ROU,44,33854,1176,1,70.0,642.0,0.0,616.487,0.0,0.0,0.0,0.0139999999999999,1.0,0.0,0.0,0.0,8370020.352000001,59466018.81600001,2.148,,5.349,47.3,10.9,80.0,36.0,288.946,671.567,2206.683,19390.176,10022840.32,75794735.104,0.6818181818181818,0.0,0.3181818181818182,663.7008299128556,19.746905007286646,27.458902770209612
292,Romania - Former Yugoslav Republic of Macedonia,Free Trade Agreement,341,2003,2004-01-01,Bilateral,Europe,Yes,No,en,MKD,ROU,43,29562,1156,0,807.0,642.0,0.0,463.171,0.0,0.0,0.0,0.004,1.0,1.0,0.0,0.0,4756221.44,59466018.81600001,2.286,,6.502000000000001,11.0,10.9,63.0,36.0,1389.6570000000002,2319.439,1826.636,1467.7320000000002,5514252.8,75794735.104,0.6744186046511628,0.0,0.3255813953488372,31.445097603221495,15.937680143000225,27.458902770209612
293,Romania - Israel,Free Trade Agreement,342,2001,2001-07-01,Bilateral,Middle East; Europe,Yes,Yes,en,ISR,ROU,43,31498,1144,1,376.0,642.0,0.0,1564.973,0.0,0.0,0.0,0.002,0.0,0.0,0.0,0.0,129596735.488,40585887.744,20.127,,24.949,,,,,128000.0,120053.617,111900.0,108402.477,119876313.088,45988511.744,0.6976744186046512,0.0,0.3023255813953488,-12.578125,-7.500514857413262,13.311582671488305
294,Romania - Moldova,Free Trade Agreement,343,1994,1995-01-01,Bilateral,Commonwealth of Independent States (CIS); Europe,Yes,Yes,en,MDA,ROU,36,21357,938,1,498.0,642.0,1.0,356.672,1.0,1.0,0.0,0.0,1.0,1.0,0.0,0.0,1702314.368,30072623.104,0.461,,,,,,,83400.0,95000.0,103700.0,104500.0,1752995.3280000002,35477057.536,0.75,0.0,0.25,24.34052757793765,2.97717982957189,17.971277109116397
296,Romania - Turkey,Free Trade Agreement,345,1997,1998-02-01,Bilateral,Europe,Yes,No,en,ROU,TUR,42,31829,1211,0,642.0,792.0,0.0,442.047,0.0,0.0,0.0,0.012,0.0,1.0,1.0,0.0,35285889.024000004,189834641.408,1.565,520409370.15,,,,,,353000.0,393590.031,323000.0,344800.0,42115493.888,269287096.32,0.6904761904761905,0.0,0.3095238095238095,-8.498583569405099,19.355059636884246,41.8535069904537
297,Slovak Republic - Estonia,Free Trade Agreement,346,1996,1998-03-13,Bilateral,Europe,Yes,No,en,EST,SVK,43,32103,1165,0,233.0,703.0,0.0,1345.682,0.0,0.0,0.0,0.07,1.0,1.0,0.0,0.0,4739181.568,27821914.112,3.3480000000000003,50301306.141,6.8260000000000005,,,,,595.2,750.868,900.0,766.6669999999999,5059146.752,27658295.296,0.6046511627906976,0.0,0.3953488372093023,51.209677419354826,6.751486082754792,-0.5880933114139276
298,Slovak Republic - Israel,Free Trade Agreement,347,1996,1997-01-01,Bilateral,Middle East; Europe,Yes,Yes,en,ISR,SVK,41,33167,1238,0,376.0,703.0,0.0,2322.519,0.0,0.0,0.0,0.008,0.0,0.0,0.0,0.0,109160636.416,27821914.112,19.178,50301306.141,20.73,,,,,12100.0,19825.109,21300.0,32706.992,113365221.376,27658295.296,0.6585365853658537,0.0,0.3414634146341464,76.03305785123968,3.851740973712141,-0.5880933114139276
299,Slovak Republic - Latvia,Free Trade Agreement,348,1996,1997-07-01,Bilateral,Europe,Yes,No,en,LVA,SVK,43,31662,1168,0,428.0,703.0,0.0,1083.025,0.0,0.0,0.0,0.147,1.0,1.0,0.0,0.0,5585292.8,27821914.112,2.273,50301306.141,5.797000000000001,,,,,3352.51,2959.816,4215.2,3762.748,6133234.176,27658295.296,0.6511627906976745,0.0,0.3488372093023256,25.73266000697983,9.810432427105704,-0.5880933114139276
300,Slovak Republic - Lithuania,Free Trade Agreement,349,1996,1997-11-14,Bilateral,Europe,Yes,No,en,LTU,SVK,42,30946,1147,1,440.0,703.0,0.0,918.513,0.0,0.0,0.0,,1.0,0.0,0.0,0.0,8426599.936,27821914.112,2.34,50301306.141,6.38,,,,,1424.6,2680.635,2827.8,2556.312,10128700.416,27658295.296,0.6666666666666666,0.0,0.3333333333333333,98.49782395058264,20.199137171901434,-0.5880933114139276
301,Slovak Republic - Romania Free Trade Agreement,Free Trade Agreement,350,1994,1995-01-01,Bilateral,Europe,Yes,No,en,ROU,SVK,41,31042,1205,1,642.0,703.0,0.0,804.204,0.0,1.0,0.0,0.0409999999999999,1.0,0.0,0.0,0.0,30072623.104,20079364.096,1.3230000000000002,42887575.83,,,,,,7500.0,8428.3,10100.0,11698.039,35477057.536,25733042.176,0.6585365853658537,0.0,0.3414634146341464,34.666666666666664,17.971277109116397,28.15665901056231
302,Slovak Republic - Turkey,Free Trade Agreement,352,1997,1998-08-01,Bilateral,Europe,Yes,No,en,SVK,TUR,40,30424,1158,0,703.0,792.0,0.0,1223.27,0.0,0.0,0.0,0.001,0.0,0.0,0.0,0.0,27658295.296,189834641.408,5.138,520409370.15,10.061,,,,,25365.42,22398.0,24847.75,23400.0,29821796.352,269287096.32,0.675,0.0,0.325,-2.040849313750761,7.82225018876305,41.8535069904537
303,Slovenia - Bosnia and Herzegovina,Free Trade Agreement,353,2001,2002-01-01,Bilateral,Europe,No,No,en,BIH,SVN,37,29664,1133,0,70.0,705.0,0.0,394.747,0.0,0.0,0.0,0.113,1.0,1.0,0.0,1.0,5748990.464,20875943.936,1.482,37846698.512,4.742,,,,,60359.789,62434.543,84239.773,65372.277,6651226.112000001,23563028.48,0.7567567567567568,0.0,0.2432432432432433,39.56273604601236,15.69381013327075,12.87167925071017
304,Slovenia - Croatia,Free Trade Agreement,354,1997,1998-01-01,Bilateral,Europe,Yes,No,en,HRV,SVN,42,29623,1132,0,191.0,705.0,1.0,117.345,0.0,0.0,0.0,0.546,1.0,1.0,0.0,1.0,23822086.144,20749932.544,5.21,30306251.616,9.368,,,,,529550.0,465492.0,389972.0,429360.0,25432143.872,22123896.832,0.6904761904761905,0.0,0.3095238095238095,-26.35785100557077,6.758676457920209,6.621536166859931
305,Slovenia - Estonia,Free Trade Agreement,355,1996,1997-01-01,Bilateral,Europe,Yes,No,en,EST,SVN,43,32607,1176,1,233.0,705.0,0.0,1634.182,0.0,0.0,0.0,0.0139999999999999,1.0,1.0,0.0,0.0,4739181.568,21478225.92,3.3480000000000003,28383002.368,6.8260000000000005,,,,,326.5,526.0,100.0,901.0,5059146.752,20749932.544,0.6046511627906976,0.0,0.3953488372093023,-69.37212863705973,6.751486082754792,-3.390845122463457
306,Slovenia - Former Yugoslav Republic of Macedonia,Free Trade Agreement,356,1996,1996-09-01,Bilateral,Europe,Yes,No,en,MKD,SVN,42,32404,1235,0,807.0,705.0,0.0,717.5880000000001,0.0,0.0,0.0,0.008,1.0,0.0,0.0,0.0,4422159.872,21478225.92,2.239,28383002.368,4.83,,,,,82120.641,71455.0,58933.039,56111.0,3735312.128,20749932.544,0.6666666666666666,0.0,0.3333333333333333,-28.236021684243802,-15.531951894117325,-3.390845122463457
307,Slovenia - Israel,Free Trade Agreement,357,1998,1998-09-01,Bilateral,Middle East; Europe,Yes,Yes,en,ISR,SVN,41,30839,1179,1,376.0,705.0,0.0,2330.303,0.0,0.0,0.0,0.008,0.0,0.0,0.0,0.0,114992766.976,22123896.832,19.259,31754417.297,22.032,,,,,35900.0,35889.0,41600.0,39641.477,116276781.056,22689556.48,0.6829268292682927,0.0,0.3170731707317073,15.877437325905293,1.1166042123918831,2.556781259175969
308,Slovenia - Latvia,Free Trade Agreement,358,1996,1996-08-01,Bilateral,Europe,Yes,No,en,LVA,SVN,38,26090,1090,1,428.0,705.0,0.0,1378.849,0.0,0.0,0.0,0.13,1.0,1.0,0.0,0.0,5585292.8,21478225.92,2.273,28383002.368,5.797000000000001,,,,,819.5930000000001,1539.0,2313.969,3064.0,6133234.176,20749932.544,0.7105263157894737,0.0,0.2894736842105263,182.33147428052703,9.810432427105704,-3.390845122463457
309,Slovenia - Lithuania,Free Trade Agreement,359,1996,1997-03-01,Bilateral,Europe,Yes,No,en,LTU,SVN,42,31470,1190,1,440.0,705.0,0.0,1225.651,0.0,0.0,0.0,,1.0,0.0,0.0,0.0,8426599.936,21478225.92,2.34,28383002.368,6.38,,,,,678.7,1068.0,1649.7,1436.0,10128700.416,20749932.544,0.6904761904761905,0.0,0.3095238095238095,143.06762929129218,20.199137171901434,-3.390845122463457
310,South Africa - Southern Rhodesia Customs Union,Customs Union,360,1948,1949-04-01,Bilateral,Africa,Yes,No,en,ZAF,ZWE,1,4852,362,0,710.0,716.0,1.0,2186.206,1.0,1.0,0.0,0.099,1.0,1.0,0.0,1.0,,,,,,,,,,,46530.0,,49170.0,3994490.112,,1.0,0.0,0.0,5.673758865248227,,
311,Turkey - Estonia,Free Trade Agreement,361,1997,1998-07-01,Bilateral,Europe,Yes,No,en,EST,TUR,37,27289,1073,0,233.0,792.0,0.0,2066.79,0.0,0.0,0.0,0.0,0.0,0.0,0.0,0.0,5059146.752,189834641.408,3.615,520409370.15,7.837000000000001,,,,,11000.0,30952.0,18600.0,10200.0,5608007.168,269287096.32,0.6486486486486487,0.0,0.3513513513513513,69.0909090909091,10.84887319750157,41.8535069904537
312,Turkey - Latvia,Free Trade Agreement,362,1998,2000-07-01,Bilateral,Europe,Yes,No,en,LVA,TUR,38,22940,967,1,428.0,792.0,0.0,1805.448,0.0,0.0,0.0,0.0,0.0,0.0,0.0,0.0,6616957.44,269287096.32,2.7460000000000004,557287694.275,7.069,,,,,1910.805,2700.0,827.575,1659.23,7288524.288,249751470.08,0.6842105263157895,0.0,0.3157894736842105,-56.68971977778999,10.149178895126749,-7.254571981713283
313,Turkey - Lithuania,Free Trade Agreement,363,1997,1998-03-01,Bilateral,Europe,Yes,No,en,LTU,TUR,38,26792,1086,0,440.0,792.0,0.0,1542.741,0.0,0.0,0.0,,0.0,1.0,0.0,0.0,10128700.416,189834641.408,2.833,520409370.15,7.065,,,,,31459.699,39148.0,32090.5,79600.0,11254049.792,269287096.32,0.6578947368421053,0.0,0.3421052631578947,2.0051081861908453,11.110501148028035,41.8535069904537
314,Turkey - Poland,Free Trade Agreement,364,1999,2000-05-01,Bilateral,Europe,Yes,No,en,POL,TUR,42,31732,1203,0,616.0,792.0,0.0,1386.394,0.0,0.0,0.0,0.001,0.0,0.0,0.0,0.0,168224899.072,249751470.08,4.351,545462779.63,10.022,,,,,84515.508,81240.75,132889.531,164681.016,171708022.784,266567532.54400003,0.6904761904761905,0.0,0.3095238095238095,57.23686000917132,2.0705161549891855,6.733118511219781
315,Turkey - Slovenia,Free Trade Agreement,365,1998,2000-06-01,Bilateral,Europe,Yes,No,en,SVN,TUR,42,29144,1103,0,705.0,792.0,0.0,1290.683,0.0,0.0,0.0,0.016,0.0,0.0,0.0,0.0,22123896.832,269287096.32,11.165,557287694.275,16.024,,,,,57534.0,43300.0,57899.977,48005.367,22689556.48,249751470.08,0.6428571428571429,0.0,0.3571428571428571,0.6361056071192668,2.556781259175969,-7.254571981713283
324,India - Nepal,Partial Scope Agreement,392,2009,2009-10-27,Bilateral,West Asia,Yes,No,en,IND,NPL,14,5792,395,0,356.0,524.0,1.0,801.184,0.0,0.0,0.0,0.003,1.0,1.0,0.0,0.0,1365372436.48,12899651.584,1.147,49560311.858,3.92,66.1,53.6,47.0,38.0,1417254.125,2131931.0,1906760.875,3252656.25,1708458901.504,15994094.592,0.7857142857142857,0.0,0.2142857142857142,34.53909509700669,25.12768354314332,23.988578201896335
325,Guatemala - Chinese Taipei,Free Trade Agreement & Economic Integration Agreement,424,2005,2006-07-01,Bilateral,East Asia; Central America,Yes,Yes,en,GTM,TWN,227,263559,5404,0,320.0,158.0,0.0,14409.712,0.0,0.0,0.0,0.016,0.0,0.0,0.0,0.0,27211243.52,374042000.0,2.146,,5.582000000000001,58.4,,54.0,,12361.601,,13610.4,,30231117.824,386492000.0,0.748898678414097,0.0837004405286343,0.1674008810572687,10.102243228850366,11.097891582133773,3.328503216216361
326,Panama - Chinese Taipei,Free Trade Agreement & Economic Integration Agreement,425,2003,2004-01-01,Bilateral,East Asia; Central America,Yes,Yes,en,PAN,TWN,235,297184,5796,0,591.0,158.0,0.0,15612.308,0.0,0.0,0.0,0.015,0.0,0.0,0.0,0.0,12933199.872,317374000.0,3.991,,8.979,14.9,,24.0,,6855.253000000001,,11389.991000000002,,14179300.352,346881000.0,0.6425531914893617,0.1914893617021277,0.1659574468085106,66.14982700127918,9.634896949963416,9.297232917630303
329,Chile - Malaysia,Free Trade Agreement,453,2010,2012-02-25,Bilateral,South America; East Asia,Yes,Yes,en,CHL,MYS,123,104845,2946,1,152.0,458.0,0.0,16562.121,0.0,0.0,0.0,0.023,0.0,0.0,0.0,0.0,217501908.992,247533518.848,12.682,581371153.774,18.357,6.8,17.5,42.5,26.5,210105.781,228812.312,211425.344,261888.312,251162312.70400003,289548369.92,0.7479674796747967,0.0,0.2520325203252032,0.6280469741096861,15.475911851991185,16.973398700722868
330,Iceland - China,Free Trade Agreement & Economic Integration Agreement,454,2013,2014-07-01,Bilateral,East Asia; Europe,Yes,Yes,en,CHN,ISL,131,103541,2922,0,156.0,352.0,0.0,7889.944,0.0,0.0,0.0,0.0,0.0,0.0,0.0,0.0,9240270864.384,15330058.24,6.807,13802407.525,12.368,1.9,2.7,47.4,9.5,147124.359,391549.406,143686.219,396578.875,10482371002.368,17178962.944000002,0.7251908396946565,0.0381679389312977,0.2366412213740458,-2.3368937838498822,13.442248135512893,12.060650227510171
333,"Hong Kong, China - New Zealand",Free Trade Agreement & Economic Integration Agreement,488,2010,2011-01-01,Bilateral,East Asia; Oceania,Yes,Yes,en,HKG,NZL,194,191286,4154,0,344.0,554.0,0.0,9631.967,1.0,1.0,0.0,0.043,1.0,1.0,0.0,1.0,228637704.192,143466741.76,32.55,136019352.82,47.135,2.0,0.4,9.0,1.5,493410.344,106995.695,533850.875,124413.664,248514002.944,163841245.184,0.6804123711340206,0.1237113402061855,0.1958762886597938,8.196125495090962,8.693360013494866,14.201551644689696
334,New Zealand - Malaysia,Free Trade Agreement & Economic Integration Agreement,489,2009,2010-08-01,Bilateral,East Asia; Oceania,Yes,Yes,en,MYS,NZL,204,210977,4744,0,458.0,554.0,0.0,8928.609,0.0,0.0,0.0,0.011,1.0,1.0,0.0,1.0,202251386.88,118952902.656,7.278,132086826.201,19.448,15.6,0.4,28.5,1.5,546286.062,739782.562,929085.5,1072863.75,247533518.848,143466741.76,0.7009803921568627,0.1176470588235294,0.1813725490196078,70.07307427880156,22.389034095903053,20.608020953378144
335,Peru - Singapore,Free Trade Agreement & Economic Integration Agreement,495,2008,2009-08-01,Bilateral,South America; East Asia,Yes,Yes,en,PER,SGP,213,241245,8815,0,604.0,702.0,0.0,18825.875,0.0,0.0,0.0,0.045,0.0,0.0,0.0,0.0,121571549.184,192231211.008,4.247,307003100.348,8.957,24.4,0.9,76.5,7.5,4200.585999999999,8714.136999999999,7826.929,20149.191000000003,121200377.856,192406437.888,0.6572769953051644,0.1408450704225352,0.2018779342723004,86.32945498556633,-0.30531101272570105,0.09115422988867958
336,China - Singapore,Free Trade Agreement & Economic Integration Agreement,496,2008,2009-01-01,Bilateral,East Asia,Yes,No,en,CHN,SGP,117,130444,3585,0,156.0,702.0,0.0,4484.657,1.0,1.0,0.0,0.004,0.0,0.0,0.0,0.0,4521827237.888,192231211.008,3.414,307003100.348,7.635,8.4,0.9,55.0,7.5,32325190.0,33711124.0,30089386.0,25964316.0,4990233477.12,192406437.888,0.6666666666666666,0.1025641025641025,0.2307692307692308,-6.916599716815276,10.358782292858624,0.09115422988867958
337,Turkey - Jordan,Free Trade Agreement,502,2009,2011-03-01,Bilateral,Middle East; Europe,Yes,Yes,en,JOR,TUR,54,38358,1406,0,400.0,792.0,0.0,1187.504,0.0,0.0,0.0,0.923,1.0,1.0,0.0,0.0,23818323.968,614553944.064,4.027,1105889139.022,9.437,30.6,14.2,19.5,14.0,28705.211,20354.129,57162.957,42449.938,26425378.816,731168047.104,0.7962962962962963,0.0,0.2037037037037037,99.1379091413054,10.945584800603891,18.975405522392304
342,US - Colombia,Free Trade Agreement & Economic Integration Agreement,530,2006,2012-05-15,Bilateral,South America; North America,Yes,Yes,en,COL,USA,282,491960,8124,0,170.0,840.0,0.0,4021.171,0.0,1.0,0.0,0.294,0.0,0.0,0.0,1.0,162773598.208,13855900041.216002,3.713,13855888000.0,8.957,19.1,0.8,53.0,12.0,9680664.0,9826400.0,10196602.0,10034000.0,207520153.6,14477599703.04,0.6063829787234043,0.2234042553191489,0.1702127659574468,5.329572434287566,27.49005728485566,4.486894824404628
343,"Korea, Republic of - Australia",Free Trade Agreement & Economic Integration Agreement,537,2014,2014-12-12,Bilateral,Oceania; East Asia,Yes,Yes,en,AUS,KOR,307,400807,7082,0,36.0,410.0,0.0,8329.652,0.0,1.0,0.0,0.04,0.0,0.0,0.0,0.0,1459597869.056,1411333881.856,62.215,1706688744.053,46.446000000000005,0.7,14.5,5.5,7.0,17862158.0,20413068.0,13369313.0,16437806.0,1345383170.048,1382763986.944,0.6254071661237784,0.2280130293159609,0.1465798045602606,-25.152867867365185,-7.825079868187849,-2.024318644885687
344,Turkey - Chile,Free Trade Agreement,539,2009,2011-03-01,Bilateral,South America; Europe,Yes,Yes,en,CHL,TUR,68,60797,1945,0,152.0,792.0,0.0,13118.549,0.0,0.0,0.0,0.001,1.0,1.0,0.0,0.0,172323373.056,614553944.064,10.142,1105889139.022,16.267,6.9,14.2,49.0,14.0,211011.516,200386.906,298657.719,311709.438,217501908.992,731168047.104,0.8382352941176471,0.0,0.1617647058823529,41.53621786215685,26.217300146114443,18.975405522392304
345,India - Malaysia,Free Trade Agreement & Economic Integration Agreement,544,2011,2011-07-01,Bilateral,West Asia; East Asia,Yes,Yes,en,IND,MYS,188,210950,4688,0,356.0,458.0,0.0,3842.43,0.0,0.0,1.0,0.0579999999999999,1.0,1.0,0.0,1.0,1880100175.872,289548369.92,1.54,624786298.314,4.636,42.0,16.4,44.0,14.5,3917172.5,3329999.25,3788168.5,3824369.75,1858744745.984,305263804.416,0.7127659574468085,0.1117021276595744,0.175531914893617,-3.293293823542364,-1.1358665970070054,5.427567939802958
346,Turkey - Albania,Free Trade Agreement,560,2006,2008-05-01,Bilateral,Europe,Yes,No,en,ALB,TUR,38,28028,1119,0,8.0,792.0,0.0,765.423,0.0,0.0,0.0,0.203,0.0,1.0,1.0,0.0,9132558.336,530900090.88,3.077,937107861.006,6.635,22.5,26.5,51.0,14.0,10336.388,12570.912,24210.195,23842.473,10701011.968,647155154.944,0.7368421052631579,0.0,0.2631578947368421,134.22297034515344,17.174307289308523,21.89772916996492
347,Pakistan - Sri Lanka,Free Trade Agreement,561,2002,2005-06-12,Bilateral,West Asia,Yes,No,en,LKA,PAK,19,13718,720,1,144.0,586.0,0.0,3057.006,0.0,0.0,1.0,0.07,1.0,1.0,0.0,1.0,17102623.744000003,72306819.072,0.904,419506884.674,4.631,,,,,28842.236,32125.084,36730.0,43253.16,18881765.376,83244802.04800001,0.9473684210526316,0.0,0.0526315789473684,27.347962897190076,10.402740881346698,15.127180418638583
348,India - Bhutan,Free Trade Agreement,562,2006,2006-07-29,Bilateral,West Asia,No,No,en,BTN,IND,13,9548,598,0,64.0,356.0,1.0,1236.124,0.0,0.0,0.0,0.006,1.0,1.0,0.0,0.0,897672.064,949116796.928,1.349,3647022562.139,4.331,14.1,78.4,72.0,49.0,319432.406,128271.258,550186.812,181146.938,1196091.7759999998,1238700130.304,0.5384615384615384,0.0,0.4615384615384616,72.23888424144418,33.2437338720613,30.510821672663717
350,Iceland - Faroe Islands,Free Trade Agreement & Economic Integration Agreement,566,2005,2006-11-01,Bilateral,Europe,No,No,en,FRO,ISL,15,15683,734,0,234.0,352.0,0.0,799.567,0.0,0.0,0.0,0.964,0.0,0.0,0.0,1.0,1730894.336,16798507.008,35.212,10968632.156,,,2.8,,10.0,10835.356000000002,8332.854,15491.223999999998,15651.647,1970135.168,17101040.64,0.9333333333333332,0.0,0.0666666666666666,42.969220392943214,13.82180454486161,1.8009554769118639
351,Brunei Darussalam - Japan,Free Trade Agreement & Economic Integration Agreement,567,2007,2008-07-31,Bilateral,East Asia,Yes,No,en,BRN,JPN,124,150683,3101,0,96.0,392.0,0.0,4260.378,0.0,0.0,0.0,0.0,0.0,0.0,0.0,0.0,12247694.336,4356346740.736,32.109,4419763599.828,79.617,9.1,7.5,142.5,31.0,2573632.25,2503405.75,4566558.5,4559514.5,14393099.264,4849184800.768,0.5887096774193549,0.1451612903225806,0.2661290322580645,77.43632564442724,17.51680658533379,11.313104519975266
352,Canada - Jordan,Free Trade Agreement,568,2009,2012-10-01,Bilateral,North America; Middle East,Yes,Yes,en,CAN,JOR,106,133462,3514,1,124.0,400.0,0.0,9360.481,0.0,1.0,0.0,0.0139999999999999,0.0,0.0,0.0,1.0,1370839187.456,23818323.968,40.764,64368453.094,38.791,0.4,30.6,7.5,19.5,57892.934,49327.184,64038.273,75937.461,1614072119.296,26425378.816,0.6886792452830188,0.0188679245283018,0.2924528301886792,10.615007005863617,17.7433599845793,10.945584800603891
353,Ukraine - Azerbaijan,Free Trade Agreement,570,1995,1996-09-02,Bilateral,Commonwealth of Independent States (CIS),No,No,en,AZE,UKR,16,10770,578,0,31.0,804.0,0.0,1873.832,0.0,0.0,1.0,0.0,1.0,1.0,0.0,1.0,3052467.456,48213868.544,0.397,190035087.671,2.42,,,,,33439.629,36783.594,21855.4,30800.0,3176749.568,44558077.952,0.875,0.0,0.125,-34.642217471970156,4.071529468912385,-7.5824460936249585
354,Ukraine - Belarus,Free Trade Agreement,571,1992,2006-11-11,Bilateral,Commonwealth of Independent States (CIS),No,No,en,BLR,UKR,18,12199,636,0,112.0,804.0,1.0,433.528,0.0,0.0,1.0,0.0,1.0,0.0,0.0,1.0,17022180.352,73942294.528,1.666,306760473.612,5.083,,,,,588921.0,,256758.0,282433.781,16280372.224,65648558.08,0.7777777777777778,0.0,0.2222222222222222,-56.40196223262543,-4.357891366794528,-11.21649862361166
355,Ukraine - Kazakhstan,Free Trade Agreement,572,1994,1998-10-19,Bilateral,Commonwealth of Independent States (CIS),Yes,No,en,KAZ,UKR,15,11100,584,1,398.0,804.0,0.0,3564.066,0.0,0.0,1.0,0.0,1.0,1.0,0.0,1.0,21250838.528,52549554.17600001,1.32,212018846.824,6.332000000000001,,,,,128000.0,144705.297,121500.0,133650.0,20374306.816,48213868.544,0.7333333333333333,0.0,0.2666666666666666,-5.078125,-4.124692354351511,-8.250661114038842
356,Ukraine - Former Yugoslav Republic of Macedonia,Free Trade Agreement,573,2001,2001-07-05,Bilateral,Europe; Commonwealth of Independent States (CIS),Yes,Yes,en,MKD,UKR,39,32660,1230,0,807.0,804.0,0.0,1165.076,0.0,0.0,0.0,0.0,1.0,1.0,0.0,0.0,3436961.28,38009344.0,1.664,208849946.048,6.042999999999999,,,,,781.7180000000001,1319.359,480.389,535.158,3791306.752,42392895.488000005,0.6923076923076923,0.0,0.3076923076923077,-38.54702079266436,10.309847657055945,11.532825949324476
357,Ukraine - Moldova,Free Trade Agreement,574,2003,2005-05-19,Bilateral,Commonwealth of Independent States (CIS),Yes,No,en,MDA,UKR,34,18614,782,0,498.0,804.0,1.0,399.461,0.0,0.0,1.0,0.0,1.0,1.0,0.0,1.0,1980901.504,50132955.13600001,0.5479999999999999,248919316.07900003,2.393,24.5,25.6,54.0,55.0,56135.102,56868.488,64752.199,67273.211,2598231.552,64883060.736,0.8235294117647058,0.0,0.1764705882352941,15.350639248860725,31.16409608218462,29.421975145861854
358,Ukraine - Tajikistan,Free Trade Agreement,576,2001,2002-07-11,Bilateral,Commonwealth of Independent States (CIS),Yes,No,en,TJK,UKR,16,12159,644,0,762.0,804.0,0.0,3268.097,0.0,0.0,1.0,0.0,1.0,1.0,0.0,1.0,1080774.0159999998,38009344.0,0.172,208849946.048,1.036,,,,,2800.001,1556.388,5899.999,2880.208,1221113.856,42392895.488000005,0.8125,0.0,0.1875,110.71417474493755,12.98512343213108,11.532825949324476
360,Ukraine - Uzbekistan,Free Trade Agreement,578,1994,1996-01-01,Bilateral,Commonwealth of Independent States (CIS),No,No,en,UKR,UZB,17,12374,630,0,804.0,860.0,0.0,3128.88,0.0,0.0,1.0,0.0,1.0,1.0,0.0,1.0,52549554.17600001,12899074.048,1.012,36816735.48,4.083,,,,,68925.602,75818.156,137851.203,151636.312,48213868.544,13350461.44,0.8823529411764706,0.0,0.1176470588235294,99.99999854916031,-8.250661114038842,3.4993782524256973
369,Canada - Panama,Free Trade Agreement & Economic Integration Agreement,608,2010,2013-04-01,Bilateral,North America; Central America,Yes,Yes,en,CAN,PAN,245,347560,6270,0,124.0,591.0,0.0,3862.1,0.0,0.0,0.0,0.412,0.0,0.0,0.0,0.0,1614072119.296,28814100.48,47.465,55039719.438,40.027,0.4,10.2,7.5,15.0,126733.992,61744.312000000005,112963.703,84736.031,1778632097.792,33270499.328,0.5836734693877551,0.236734693877551,0.1795918367346938,-10.865505601685777,10.195329968760948,15.466034940404294
372,Japan - Philippines,Free Trade Agreement & Economic Integration Agreement,622,2006,2008-12-11,Bilateral,East Asia,Yes,No,en,JPN,PHL,167,179085,5099,0,392.0,608.0,0.0,2999.541,0.0,0.0,0.0,0.005,0.0,0.0,0.0,0.0,4356749656.064,122210721.792,34.102,398228061.637,33.058,7.5,22.2,31.0,64.0,9006742.0,7003558.0,9479538.0,6841544.5,4356346740.736,149359919.104,0.7485029940119761,0.0898203592814371,0.1616766467065868,5.249356537580404,-0.009248071608596229,22.21506993323168
374,Chile - India,Partial Scope Agreement,625,2006,2007-08-17,Bilateral,South America; West Asia,Yes,Yes,en,CHL,IND,25,13800,731,1,152.0,356.0,0.0,16936.537,0.0,0.0,0.0,0.011,0.0,0.0,0.0,0.0,154671005.696,949116796.928,9.371,3647022562.139,15.611,9.8,78.4,49.0,49.0,1661910.375,1547006.5,2324726.0,1861589.875,173006274.56,1238700130.304,0.76,0.0,0.24,39.88275390602818,11.854367133318616,30.510821672663717
375,Turkey - Serbia,Free Trade Agreement,627,2009,2010-09-01,Bilateral,Europe,No,No,en,SRB,TUR,39,28701,1126,0,688.0,792.0,,807.451,0.0,0.0,0.0,,0.0,1.0,0.0,0.0,42616651.776,614553944.064,5.821000000000001,1105889139.022,11.842,7.1,14.2,20.0,14.0,45123.051,55896.656,87987.789,109523.852,39368634.368,731168047.104,0.7179487179487181,0.0,0.282051282051282,94.99521209237382,-7.6214748757647675,18.975405522392304
376,Switzerland - China,Free Trade Agreement & Economic Integration Agreement,635,2013,2014-07-01,Bilateral,East Asia; Europe,Yes,Yes,en,CHE,CHN,176,164172,6015,0,756.0,156.0,0.0,8084.264,0.0,0.0,0.0,0.0,0.0,1.0,0.0,0.0,685434208.256,9240270864.384,84.815,16788029504.901,59.788,2.3,1.9,24.0,47.4,20880624.0,56124988.0,18312728.0,40616752.0,702705565.6960001,10482371002.368,0.8238636363636364,0.0454545454545454,0.1306818181818181,-12.297984964434013,2.5197688168999948,13.442248135512893
377,Turkey - Georgia,Free Trade Agreement,636,2007,2008-11-01,Bilateral,Commonwealth of Independent States (CIS); Europe,Yes,Yes,en,GEO,TUR,38,25344,1015,1,268.0,792.0,1.0,1325.466,0.0,0.0,0.0,0.109,0.0,0.0,0.0,0.0,10172260.352,647155154.944,2.318,1032837455.482,5.8260000000000005,9.5,20.7,18.0,14.0,171763.875,289340.125,262910.219,525040.562,12799337.472,730337509.376,0.7631578947368421,0.0,0.2368421052631579,53.064909021178046,25.825893450352766,12.853541194336623
378,Mauritius - Pakistan,Partial Scope Agreement,638,2007,2007-11-30,Bilateral,Africa; West Asia,Yes,Yes,en,MUS,PAK,27,17598,757,0,480.0,586.0,0.0,6217.0380000000005,1.0,1.0,1.0,0.16,0.0,0.0,0.0,1.0,7792063.488,152385716.224,6.182,647800680.909,13.328,5.4,15.3,14.5,37.0,254.975,539.908,328.732,574.4730000000001,9641076.736,170077814.784,0.8888888888888888,0.0,0.1111111111111111,28.927149720560852,23.72944279583364,11.610076717422405
379,Rep. of Korea - New Zealand,Free Trade Agreement & Economic Integration Agreement,643,2015,2015-12-20,Bilateral,East Asia; Oceania,Yes,Yes,en,KOR,NZL,254,338558,6268,0,410.0,554.0,0.0,10293.837,0.0,1.0,0.0,0.054,0.0,0.0,0.0,0.0,1382763986.944,175564423.16799998,27.105,174401849.904,34.422,14.5,0.3,7.0,1.5,1262746.25,1355960.25,1319997.75,1527672.625,1411245539.3279998,185017319.424,0.6456692913385826,0.1496062992125984,0.2047244094488189,4.5338879446286215,2.0597551464256703,5.3842891887922
380,"Peru - Korea, Republic of",Free Trade Agreement & Economic Integration Agreement,645,2011,2011-08-01,Bilateral,East Asia; South America,Yes,Yes,en,KOR,PER,309,363628,6674,1,410.0,604.0,0.0,16329.765,0.0,0.0,0.0,0.04,0.0,0.0,0.0,0.0,1202463703.04,170564255.744,24.156,310964900.335,31.229,14.6,11.1,12.0,32.0,1368956.25,1580472.125,1472617.25,1747269.625,1222807126.016,192628490.24,0.627831715210356,0.1941747572815534,0.1779935275080906,7.572265366405976,1.6918118130775168,12.93602484281129
384,China - New Zealand,Free Trade Agreement & Economic Integration Agreement,664,2008,2008-10-01,Bilateral,East Asia; Oceania,Yes,Yes,en,CHN,NZL,216,211426,4498,0,156.0,554.0,0.0,11041.027,0.0,0.0,0.0,0.0,0.0,0.0,0.0,0.0,4521827237.888,130459336.704,3.414,127199205.21,7.635,8.4,0.4,55.0,1.5,2504386.0,4530518.0,2086082.0,3868432.25,4990233477.12,118952902.656,0.6944444444444444,0.0925925925925926,0.2129629629629629,-16.702856508541416,10.358782292858624,-8.819939100339758
385,Peru - China,Free Trade Agreement & Economic Integration Agreement,666,2009,2010-03-01,Bilateral,East Asia; South America,Yes,Yes,en,CHN,PER,203,210528,4555,0,156.0,604.0,0.0,16666.291,0.0,0.0,0.0,0.0,0.0,0.0,0.0,0.0,4990233477.12,121200377.856,3.749,261313018.211,8.374,4.9,16.2,52.0,49.5,2099275.0,3456972.5,3552672.5,5423699.0,5930502062.08,148522811.39200002,0.6945812807881774,0.0886699507389162,0.2167487684729064,69.23330673684963,18.842176208209295,22.54319171220919
386,Nicaragua - Chinese Taipei,Free Trade Agreement & Economic Integration Agreement,671,2006,2008-01-01,Bilateral,East Asia; Central America,Yes,Yes,en,NIC,TWN,277,346868,6500,0,558.0,158.0,0.0,14910.504,0.0,0.0,0.0,0.016,0.0,0.0,0.0,0.0,6786294.784,386492000.0,1.228,,3.547,123.6,,48.0,,5381.653,,10215.142,,7458103.296,406940000.0,0.6534296028880866,0.187725631768953,0.1588447653429603,89.81420764215008,9.899489093576047,5.290665783509103
387,Canada - Peru,Free Trade Agreement & Economic Integration Agreement,672,2008,2009-08-01,Bilateral,North America; South America,Yes,Yes,en,CAN,PER,283,381030,6628,1,124.0,604.0,0.0,6209.441,0.0,0.0,0.0,0.451,0.0,0.0,0.0,0.0,1542560677.8879998,121571549.184,46.399,256532331.728,40.278,0.4,24.4,7.5,76.5,362270.469,416831.031,373359.156,434627.938,1370839187.456,121200377.856,0.6254416961130742,0.215547703180212,0.1590106007067137,3.0608862573338915,-11.132235697017283,-0.30531101272570105
389,China - Costa Rica,Free Trade Agreement & Economic Integration Agreement,677,2010,2011-08-01,Bilateral,East Asia; Central America,Yes,Yes,en,CHN,CRI,170,179028,4186,0,156.0,188.0,0.0,14090.979,0.0,0.0,0.0,0.0,0.0,0.0,0.0,0.0,5930502062.08,36298326.016,4.433,57893323.06600001,9.333,4.5,10.1,52.0,85.5,687315.938,989114.812,884015.5,1297881.375,7321892159.488001,41237295.104,0.6941176470588235,0.0529411764705882,0.2529411764705882,28.618507315917945,23.461590314665536,13.606602921090474
390,Costa Rica - Singapore,Free Trade Agreement & Economic Integration Agreement,678,2010,2013-07-01,Bilateral,Central America; East Asia,Yes,Yes,en,CRI,SGP,206,234735,5209,0,188.0,702.0,0.0,18503.559,0.0,0.0,0.0,0.044,0.0,0.0,0.0,0.0,36298326.016,236420333.568,7.773,358654973.137,12.737,10.1,0.7,85.5,5.5,43860.676,555479.062,39419.023,654529.188,41237295.104,274065047.552,0.6213592233009708,0.1601941747572815,0.2184466019417476,-10.126731744855,13.606602921090474,15.922790318360033
393,Chile - Viet Nam,Free Trade Agreement,685,2011,2014-01-01,Bilateral,South America; East Asia,Yes,Yes,en,CHL,VNM,115,103431,2906,0,152.0,704.0,0.0,18603.055,0.0,0.0,0.0,0.032,0.0,1.0,0.0,0.0,251162312.70400003,135539490.816,14.511,414339189.417,20.438,5.1,10.7,14.5,45.0,334981.875,335730.031,370969.375,370073.438,266259267.584,155819999.232,0.7391304347826086,0.008695652173913,0.2521739130434782,10.743118564250677,6.010836067508281,14.962804046188676
396,Canada - Ukraine,Free Trade Agreement,694,2016,2017-08-01,Bilateral,North America; Commonwealth of Independent States (CIS),Yes,Yes,en,CAN,UKR,216,251019,4855,0,124.0,804.0,0.0,7564.316,0.0,0.0,0.0,0.0,0.0,0.0,0.0,0.0,1529760448.512,93270482.944,42.158,352977531.138,44.025,0.4,0.5,3.5,9.0,199028.359,217294.297,207486.219,253283.469,1649878054.2270002,112190355.158,0.7407407407407407,0.074074074074074,0.1851851851851852,4.249575308009255,7.852053295784886,20.284951483911122
397,"Korea, Republic of -  Colombia",Free Trade Agreement & Economic Integration Agreement,695,2013,2016-07-15,Bilateral,South America; East Asia,Yes,Yes,en,COL,KOR,276,361334,6987,0,170.0,410.0,0.0,14817.3,0.0,0.0,0.0,0.039,0.0,0.0,0.0,0.0,378415316.992,1304553979.904,7.831,1644777306.032,12.725,7.5,14.6,19.0,7.0,229995.25,206586.203,519683.0,607608.25,378195705.856,1411333881.856,0.6413043478260869,0.1775362318840579,0.181159420289855,125.95379687189192,-0.058034420420836286,8.185165473939042
398,China - Rep. of Korea,Free Trade Agreement & Economic Integration Agreement,697,2015,2015-12-20,Bilateral,East Asia,Yes,No,en,CHN,KOR,307,318986,6309,0,156.0,410.0,0.0,955.651,0.0,0.0,0.0,0.0,0.0,1.0,0.0,0.0,11064665178.112,1382763986.944,8.068999999999999,1756015056.4929998,14.448,0.7,14.5,42.4,7.0,101428832.0,90250272.0,95815600.0,86971680.0,11199145050.112,1411245539.3279998,0.7198697068403909,0.1400651465798045,0.1400651465798045,-5.534158177035894,1.2153993802363456,2.0597551464256703
399,"Korea, Republic of - Turkey",Free Trade Agreement,699,2012,2013-05-01,Bilateral,East Asia; Europe,Yes,Yes,en,KOR,TUR,64,69254,2143,0,410.0,792.0,0.0,7967.701,0.0,0.0,0.0,0.0,0.0,0.0,0.0,0.0,1222807126.016,788863320.0639999,24.454,1539111515.7429998,32.097,14.6,10.5,7.0,14.0,4551618.5,5660093.0,5657826.5,6088317.5,1304553979.904,822135160.832,1.0,0.0,0.0,24.303618591936033,6.68517971058425,4.217693980916847
400,Turkey - Montenegro,Free Trade Agreement,708,2008,2010-03-01,Bilateral,Europe,Yes,No,en,MNE,TUR,38,29586,1384,0,499.0,792.0,,807.451,0.0,0.0,0.0,,0.0,1.0,0.0,0.0,4538345.472,730337509.376,7.336,1130486451.657,13.738,4.6,14.9,34.0,14.0,444.75,1338.5929999999998,1936.958,5845.468000000001,4158135.04,614553944.064,0.7368421052631579,0.0,0.2631578947368421,335.5161326587971,-8.377732245060784,-15.853432669907022
401,Rep. of Korea - Viet Nam,Free Trade Agreement & Economic Integration Agreement,709,2015,2015-12-20,Bilateral,East Asia,Yes,No,en,KOR,VNM,199,247035,5271,0,410.0,704.0,0.0,2740.135,0.0,0.0,0.0,0.002,0.0,0.0,0.0,0.0,1382763986.944,193241104.384,27.105,553421892.998,34.422,14.5,4.9,7.0,29.0,27770750.0,27578526.0,32704196.0,32193122.0,1411245539.3279998,202615898.112,0.6783919597989949,0.1055276381909547,0.2160804020100502,17.764900119730292,2.0597551464256703,4.851345555017538
404,"Korea, Republic of - India",Free Trade Agreement & Economic Integration Agreement,715,2009,2010-01-01,Bilateral,West Asia; East Asia,Yes,Yes,en,IND,KOR,199,235127,5255,1,356.0,410.0,0.0,4692.6720000000005,0.0,1.0,0.0,0.002,0.0,0.0,0.0,0.0,1365372436.48,901934940.16,1.147,1396413622.349,3.92,66.1,14.7,47.0,22.0,3732140.25,4141622.0,3641057.5,5674456.0,1708458901.504,1094499368.96,0.6030150753768844,0.1708542713567839,0.2261306532663317,-2.4404964416865096,25.12768354314332,21.35014624955541
408,"Hong Kong, China - Chile",Free Trade Agreement & Economic Integration Agreement,746,2012,2014-10-09,Bilateral,South America; East Asia,Yes,Yes,en,CHL,HKG,172,173884,4064,0,152.0,344.0,0.0,18697.316000000003,0.0,0.0,0.0,0.066,0.0,0.0,0.0,0.0,266259267.584,262630080.512,15.245,366845370.111,21.62,4.5,1.9,12.5,5.5,232427.5,452036.438,174619.297,460883.875,277198766.08,274012815.36,0.6337209302325582,0.1569767441860465,0.2093023255813953,-24.87149885448151,4.108588818433814,4.334132185395239
412,Japan - Peru,Free Trade Agreement & Economic Integration Agreement,760,2011,2012-03-01,Bilateral,East Asia; South America,Yes,Yes,en,JPN,PER,227,231740,6440,0,392.0,604.0,0.0,15505.615,0.0,0.0,0.0,0.006,0.0,0.0,0.0,0.0,5905630887.936,170564255.744,46.20399999999999,310964900.335,35.775,7.5,11.1,20.0,32.0,916984.5,1387836.5,1037885.438,1593331.75,5954476703.744,192628490.24,0.6343612334801763,0.1497797356828193,0.2158590308370044,13.18462176841593,0.8271058035100468,12.93602484281129
418,Turkey - Mauritius,Free Trade Agreement,806,2011,2013-06-01,Bilateral,Africa; Europe,Yes,Yes,en,MUS,TUR,38,33838,1266,0,480.0,792.0,0.0,7422.923000000001,0.0,0.0,0.0,0.163,1.0,1.0,0.0,0.0,11252406.272,774754140.16,8.75,1443295182.244,16.562,3.6,11.2,12.5,14.0,4487.847,7014.703,5280.5,6167.35,11442096.128,788863320.0639999,0.6578947368421053,0.0,0.3421052631578947,17.662210855227467,1.6857714822474605,1.8211170709053763
419,Turkey - Malaysia,Free Trade Agreement,823,2014,2015-08-01,Bilateral,East Asia; Europe,Yes,Yes,en,MYS,TUR,166,154714,3713,0,458.0,792.0,0.0,8344.665,0.0,0.0,0.0,0.49,0.0,0.0,0.0,0.0,338068996.096,934167773.184,11.184,1780288818.2589998,25.488000000000003,7.2,16.4,13.5,15.5,752390.5,1160992.625,954078.938,1339167.625,296283176.96,859383660.5439999,0.7289156626506024,0.0,0.2710843373493976,26.806350957381834,-12.360145301266932,-8.005426304218068
420,Russian Federation - Belarus,Free Trade Agreement,828,1992,1993-04-20,Bilateral,Commonwealth of Independent States (CIS),No,No,en,BLR,RUS,22,13298,703,0,112.0,643.0,1.0,686.966,0.0,1.0,0.0,0.002,1.0,0.0,0.0,0.0,17022180.352,460205424.64,1.666,1019127116.401,5.083,,,,,1419954.0,,790424.0,,16280372.224,435060113.40800005,0.7272727272727273,0.0,0.2727272727272727,-44.33453478070416,-4.357891366794528,-5.463931949883052
421,Russian Federation - Republic of Moldova,Free Trade Agreement,829,1993,1993-03-30,Bilateral,Commonwealth of Independent States (CIS),Yes,No,en,MDA,RUS,23,13537,688,0,498.0,643.0,0.0,1150.314,0.0,0.0,0.0,0.0,1.0,1.0,0.0,0.0,2371812.864,435060113.40800005,0.64,952929448.559,,,,,,172100.0,,289200.0,474900.0,1702314.368,395086561.28,0.7391304347826086,0.0,0.2608695652173913,68.04183614177803,-28.227290026199977,-9.188052615274529
422,Russian Federation - Azerbaijan,Free Trade Agreement,830,1992,1993-02-17,Bilateral,Commonwealth of Independent States (CIS),No,No,en,AZE,RUS,23,13017,696,0,31.0,643.0,1.0,1930.747,0.0,0.0,0.0,0.106,1.0,1.0,0.0,0.0,4991350.272,460205424.64,0.6759999999999999,1019127116.401,4.334,,,,,374949.781,,218165.406,,3973027.328,435060113.40800005,0.7391304347826086,0.0,0.2608695652173913,-41.8147663886754,-20.401752802492954,-5.463931949883052
425,Japan - Mongolia,Free Trade Agreement & Economic Integration Agreement,835,2015,2016-06-07,Bilateral,East Asia,Yes,No,en,JPN,MNG,203,202761,5668,0,392.0,496.0,0.0,3018.842,0.0,0.0,0.0,0.0,0.0,1.0,0.0,0.0,4383076253.696,11741338.624000002,34.474000000000004,36162929.57,40.686,7.5,1.5,19.2,11.0,251765.859,274638.25,278061.188,330608.375,4939383832.576,11160356.864,0.7093596059113301,0.0985221674876847,0.1921182266009852,10.4443585418784,12.692172042658338,-4.948173105342861
434,Ukraine - Montenegro,Free Trade Agreement & Economic Integration Agreement,868,2011,2013-01-01,Bilateral,Europe; Commonwealth of Independent States (CIS),Yes,Yes,en,MNE,UKR,62,47560,1583,0,499.0,804.0,,972.643,0.0,0.0,0.0,,0.0,1.0,0.0,0.0,4501753.856000001,163421732.864,7.252999999999999,378531847.053,14.472,2.0,4.4,16.0,33.0,262.97900000000004,1086.332,2199.6710000000003,2982.191,4045814.016,176603430.912,0.7741935483870968,0.0806451612903225,0.1451612903225806,736.4435943554428,-10.128049080078373,8.06606184929507
435,India - Thailand,Partial Scope Agreement,873,2003,2004-09-01,Bilateral,West Asia; East Asia,Yes,Yes,en,IND,THA,16,15538,818,0,356.0,764.0,0.0,2919.706,0.0,0.0,0.0,0.005,1.0,1.0,0.0,0.0,618356473.856,142640087.04,0.565,571666033.6930001,2.336,53.4,18.8,136.0,43.0,801561.438,878944.188,849971.938,1140103.25,721585635.3280001,161339785.216,0.8125,0.0625,0.125,6.039524571041054,16.694118334085665,13.109707491103897
436,New Zealand - Chinese Taipei,Free Trade Agreement & Economic Integration Agreement,874,2013,2013-12-01,Bilateral,East Asia; Oceania,Yes,Yes,en,NZL,TWN,257,264600,4988,0,554.0,158.0,0.0,9429.752,0.0,0.0,0.0,0.0139999999999999,0.0,0.0,0.0,0.0,185787826.176,512957000.0,41.556,,36.169,0.3,,1.5,,725144.5,,845518.625,,200696299.52,535332000.0,0.7081712062256809,0.1400778210116731,0.1517509727626459,16.600019030689744,8.02446190951013,4.361964063264562
439,Singapore - Chinese Taipei,Free Trade Agreement & Economic Integration Agreement,890,2013,2014-04-19,Bilateral,East Asia,Yes,No,en,SGP,TWN,156,178036,4224,0,702.0,158.0,0.0,3259.671,1.0,1.0,0.0,0.002,0.0,0.0,0.0,0.0,297941270.528,512957000.0,55.182,,81.288,0.6,,5.5,,15341843.0,,16150307.0,,308142768.128,535332000.0,0.6346153846153846,0.1346153846153846,0.2307692307692308,5.2696667538574085,3.4239961392127127,4.361964063264562
442,Canada - Honduras,Free Trade Agreement & Economic Integration Agreement,911,2013,2014-10-01,Bilateral,North America; Central America,Yes,Yes,en,CAN,HND,244,445853,7398,0,124.0,340.0,0.0,3374.8390000000004,0.0,0.0,0.0,0.4539999999999999,0.0,0.0,0.0,0.0,1826768551.936,18550026.24,51.958,37429721.1,44.098,0.4,43.9,7.5,26.0,42447.887,35862.437999999995,40459.652,38955.379,1792883163.1360002,19756533.76,0.5819672131147541,0.2459016393442623,0.1721311475409836,-4.6839433962873125,-1.854936070805926,6.504074465395491
445,"Turkey - Moldova, Republic of",Free Trade Agreement,931,2014,2016-11-01,Bilateral,Commonwealth of Independent States (CIS); Europe,Yes,Yes,en,MDA,TUR,37,25873,1068,0,498.0,792.0,0.0,664.1510000000001,0.0,0.0,0.0,0.0,0.0,1.0,0.0,0.0,7983270.912,934167773.184,2.245,1780288818.2589998,5.017,4.6,16.4,13.0,15.5,104668.602,246928.125,64421.266,216926.094,6512899.584,859383660.5439999,0.6486486486486487,0.027027027027027,0.3243243243243243,-38.45215779226706,-18.41815647004815,-8.005426304218068
